Setup,Punishment,diversity,giniImact,Average Loss,Last Epoch Loss,Battery Fail Percentage,Task Fail Percentage,Safe Fail Percentage,Average Time,Last Epoch Time,Average Energy,Last Epoch Energy,Average Reward,Last Epoch Reward,First 10 Avg Time,Mid 10 Avg Time,Last 10 Avg Time,First 10 Avg Energy,Mid 10 Avg Energy,Last 10 Avg Energy,First 10 Avg Reward,Mid 10 Avg Reward,Last 10 Avg Reward,First 10 Avg Loss,Mid 10 Avg Loss,Last 10 Avg Loss,"First 10 (total, task, safe) Fail","Mid 10 (total, task, safe) Fail","Last 10 (total, task, safe) Fail"
5,-10,0.4701986754966887,0.2064788732394366,19.728874887738908,20.34706687927246,0.0,1.0,1.0,8.613361852065848,9.380160606060604,1.8461809048394584,2.001760174993672,tensor(-2.9665),tensor(-3.0562),8.537538790939653,8.61250503779257,8.508373318824711,1.705025316463714,1.9717785661997815,1.7102313240725733,-3.209559,-2.714571,-3.2374444,20.749625205993652,18.64630537033081,21.217988967895508,0.37060017003816,0.3244623539355112,0.3734160457755642
5,-10,0.5165562913907285,0.1834221883726834,18.50409698486328,14.85105323791504,0.0,1.0,0.981132075471698,8.543018249480163,11.983464743589744,1.8170765998666152,1.653726450988606,tensor(-2.9136),tensor(-2.9732),8.537538790939653,8.59410497657613,8.55621605143059,1.705025316463714,1.7449588859498042,1.8202805259151869,-3.2095589637756348,-2.837486267089844,-2.873551607131958,20.749625205993652,17.953467082977294,18.744739022365835,0.37060017003816,0.335974222372685,0.3393546838021151
5,-10,0.4569536423841059,0.2470588235294117,16.32064809154738,17.702333450317383,0.0,0.9543147208121828,0.5532994923857868,9.094124532873511,2.803916666666667,1.8622993164466264,1.69537960832256,tensor(-2.5346),tensor(-3.5127),9.481419950806751,11.55995733527502,9.05382450200768,1.924200372506435,1.4072498797817308,1.8674039405505107,-2.820977687835694,-2.84879732131958,-2.5634348392486572,19.515605163574214,21.60152072906494,16.55549798658825,0.3341974143201352,0.3395454545454545,0.3107436577079791
5,-10,0.3377483443708609,0.3276846915460777,12.143841812596923,0.5041118860244751,0.0,0.8505747126436781,0.4045977011494253,10.402626633430597,10.56875,1.9435453025850231,2.1607471525005746,tensor(-1.6937),tensor(0.7924),9.481419950806751,10.28347331977304,10.37013722155044,1.924200372506435,2.1091932731984087,1.9433824491573235,-2.820977687835694,-1.808354139328003,-1.733893632888794,19.515605163574214,12.219717490673066,12.334660489208558,0.3341974143201352,0.2391713153852372,0.2330991269215235
5,-10,0.2781456953642384,0.3977591036414565,8.549587722067068,6.957197189331055,0.0,0.6358208955223881,0.3029850746268657,10.623244940645527,10.04921875,1.989040207888411,1.602626435359768,tensor(-0.9430),tensor(-0.5452),9.481419950806751,10.38244579502875,10.651029937027976,1.924200372506435,2.1729671807191133,1.9893697773698784,-2.820977687835694,-1.402457594871521,-0.9615846872329712,19.515605163574214,10.08535943031311,8.6377310203219,0.3341974143201352,0.201489299277023,0.1615962950975892
5,-10,0.4834437086092715,0.1871420389461626,19.682946733209523,15.64766788482666,0.0,0.9662921348314608,0.6853932584269663,8.015762039560352,4.229380158730159,1.8131451300305443,1.9635800693384329,tensor(-3.0803),tensor(-0.9740),9.431457572795562,6.926431991476825,8.15586746284991,1.8547706394047316,1.659972933796179,1.8297478374594605,-2.8757739067077637,-3.630199432373047,-3.045536518096924,20.750358390808103,21.51802701950073,19.821893683339976,0.3402624356320008,0.4111207153061992,0.3564476616284612
5,-10,0.4370860927152318,0.2699162223914699,17.540901210178365,7.864658832550049,0.0,0.9689119170984456,0.6424870466321243,8.814528952074367,4.512972222222222,1.8289535675194295,4.149430954722821,tensor(-2.7701),tensor(-1.0747),9.431457572795562,9.904163918525883,8.564422464249734,1.8547706394047316,1.6692708164894317,1.8234843705264032,-2.8757739067077637,-2.8945868015289307,-2.8388514518737793,20.750358390808103,19.26799154281616,17.91360635330768,0.3402624356320008,0.3412967999604828,0.3367067171949721
5,-10,0.3443708609271523,0.3407435083130954,16.06445689728627,11.719861030578612,0.0,0.9685314685314684,0.5594405594405595,9.332012738196454,18.75228947368421,1.8456216299977295,2.3168993928412887,tensor(-2.5543),tensor(-0.9945),9.431457572795562,9.214927402018509,9.182640660953092,1.8547706394047316,1.8246246035190452,1.8336301155692771,-2.8757739067077637,-2.4145660400390625,-2.586493015289306,20.750358390808103,13.452072048187256,16.209216122286044,0.3402624356320008,0.2963301080434947,0.3127315873695032
5,-10,0.3377483443708609,0.2886274509803921,15.059179980385428,14.23613739013672,0.0,0.9557291666666666,0.4791666666666667,9.82043948576156,14.6084375,1.8477529015150855,1.814906524381489,tensor(-2.4116),tensor(-2.6396),9.431457572795562,13.717524937493062,9.842206190101612,1.8547706394047316,1.727542763153719,1.8397968197553436,-2.8757739067077637,-2.449775218963623,-2.415663480758667,20.750358390808103,13.833955097198489,15.106797194178093,0.3402624356320008,0.2968273393273393,0.2963822159740164
5,-10,0.2649006622516556,0.4123711340206185,14.4437865740668,9.430670738220217,0.0,0.9521829521829522,0.4178794178794179,9.969580205250557,6.262316666666667,1.849271702184128,3.3078252905962673,tensor(-2.3172),tensor(-1.4143),9.431457572795562,10.898564174455366,10.027104646619566,1.8547706394047316,1.9197011352867068,1.8371726630554268,-2.8757739067077637,-2.270768642425537,-2.328685522079468,20.750358390808103,13.543331241607666,14.522473707383858,0.3402624356320008,0.2824828245355228,0.2881458437325051
5,-10,0.2450331125827814,0.4319510898458267,13.822579765951057,13.454670906066896,0.0,0.9479166666666666,0.3645833333333333,9.779743947394188,4.034821428571428,1.875725337674497,1.2812205493807234,tensor(-2.2137),tensor(-2.2495),9.431457572795562,11.93583825900664,9.81878929281593,1.8547706394047316,1.9253974609936544,1.872831620985626,-2.8757739067077637,-2.670830011367798,-2.22312331199646,20.750358390808103,13.13292179107666,13.882892790247189,0.3402624356320008,0.3172454107195486,0.2783218324247258
5,-10,0.23841059602649,0.4497297297297297,13.448119882781638,6.5984416007995605,0.0,0.9440242057488654,0.329803328290469,9.509090683926994,3.5641742424242424,1.895182249240976,3.774957016487453,tensor(-2.1613),tensor(-0.2200),9.431457572795562,11.52945404279481,9.542373482017087,1.8547706394047316,1.6651001069207725,1.8845022483260996,-2.8757739067077637,-2.1338107585906982,-2.1723389625549316,20.750358390808103,11.881119203567504,13.506685948088055,0.3402624356320008,0.2692634749923752,0.2737007150415966
5,-10,0.2317880794701986,0.5115340253748558,13.080929062795512,5.4963555335998535,0.0,0.9455511288180612,0.298804780876494,9.184449473391645,4.113888888888889,1.9105801901555943,2.3396452160404957,tensor(-2.1060),tensor(-0.0759),9.431457572795562,9.304329200698868,9.214323182759442,1.8547706394047316,2.081054661923104,1.911931050844796,-2.8757739067077637,-2.5275461673736572,-2.114743232727051,20.750358390808103,14.23103733062744,13.126782412845063,0.3402624356320008,0.30488345929657,0.2684023612451825
5,-10,0.2119205298013245,0.5287247474747475,12.824091107829622,6.906445503234863,0.0,0.944976076555024,0.2739234449760765,8.924850838211203,6.107114942528736,1.9255562389703724,2.0869751573101363,tensor(-2.0721),tensor(-0.8816),9.431457572795562,9.326881124245851,8.958957866358157,1.8547706394047316,1.8703054834377195,1.9256338980424328,-2.8757739067077637,-2.246276378631592,-2.0730767250061035,20.750358390808103,14.158845806121828,12.842913532552938,0.3402624356320008,0.2807372692666811,0.2643408451196141
5,-10,0.2052980132450331,0.544873842222932,12.593491190561542,16.945053100585938,0.0,0.94880174291939,0.2494553376906318,8.646729895440714,2.8694444444444445,1.9305214641286237,1.395312227687698,tensor(-2.0437),tensor(-3.9864),9.431457572795562,14.205725707063015,8.675809425673712,1.8547706394047316,1.9157225527036512,1.9309670462454889,-2.8757739067077637,-1.818915009498596,-2.044510841369629,20.750358390808103,11.523152279853822,12.61180783516116,0.3402624356320008,0.2381653675963138,0.2613618667171098
5,-10,0.1655629139072847,0.5064,12.446044480508274,9.0626802444458,0.0,0.945945945945946,0.2312312312312312,8.39826369274539,5.169125,1.9213869356597015,2.0807002218472417,tensor(-2.0335),tensor(-1.2730),9.431457572795562,8.711607205275655,8.431968373385716,1.8547706394047316,1.8720271361342715,1.921172810685313,-2.8757739067077637,-1.9489151239395144,-2.0385239124298096,20.750358390808103,12.23981328010559,12.465964057598606,0.3402624356320008,0.2536506399778711,0.2604943550805865
5,-10,0.1788079470198675,0.4812588401697312,12.353855673462846,9.054842948913574,0.0,0.9469767441860464,0.2148837209302325,8.201934636294595,9.794363333333331,1.9107508863470808,1.7489337918613512,tensor(-2.0356),tensor(-1.0454),9.431457572795562,8.526481463454072,8.215714417927012,1.8547706394047316,1.918707695788336,1.9126668946355865,-2.8757739067077637,-1.7945648431777954,-2.03491473197937,20.750358390808103,11.039075207710264,12.36040448574393,0.3402624356320008,0.2388814834975826,0.2598498314869238
5,-10,0.1456953642384106,0.5064279155188246,12.21083843422615,8.537911415100098,0.0,0.9490940465918896,0.1993097497842968,8.137042399029104,5.209416666666667,1.9163115697262745,2.143382466697618,tensor(-2.0129),tensor(-0.9856),9.431457572795562,7.061685695554445,8.126874605137727,1.8547706394047316,2.2179183725327327,1.9165191403157336,-2.8757739067077637,-1.4079138040542605,-2.019437074661255,20.750358390808103,10.190183925628665,12.23711428041039,0.3402624356320008,0.2033100233100233,0.2582814945733976
5,-10,0.152317880794702,0.5398191993112355,12.111624829758592,9.00025749206543,0.0,0.9485530546623794,0.1856913183279742,8.060101466214268,6.062715686274509,1.9323432703757473,2.153709979172116,tensor(-1.9922),tensor(-1.1057),9.431457572795562,8.659689147526857,8.07835090186684,1.8547706394047316,2.0695017827641577,1.929372987135648,-2.8757739067077637,-1.492802977561951,-1.9968109130859375,20.750358390808103,11.51550407409668,12.129115894630043,0.3402624356320008,0.2119288119288119,0.2561872011143075
5,-10,0.1721854304635761,0.4754163362410785,12.048624329173771,3.6168177127838135,0.0,0.9489105935386928,0.1735537190082644,8.008104994858638,2.620988095238095,1.9485898816899956,4.105337330093296,tensor(-1.9849),tensor(0.7692),9.431457572795562,6.601469846617808,8.00939846626037,1.8547706394047316,1.9656187704768748,1.9450708785963,-2.8757739067077637,-1.7371046543121338,-1.9884129762649536,20.750358390808103,10.48433485031128,12.064865269618537,0.3402624356320008,0.2341116047694995,0.2554921362289715
5,-10,0.1655629139072847,0.4885620915032679,11.975135642298564,8.384925842285156,0.0,0.9482636428065202,0.1637136782423812,7.9869914089109,5.057875,1.9611884393910084,3.9459495380594034,tensor(-1.9757),tensor(-1.0713),9.431457572795562,6.00271943164089,7.989014453750094,1.8547706394047316,2.029996600500501,1.9588126570914095,-2.8757739067077637,-1.6426546573638916,-1.9744811058044431,20.750358390808103,10.148367500305175,11.97794596415856,0.3402624356320008,0.2253047415547415,0.2542517674743125
5,-10,0.1788079470198675,0.4716553287981859,11.92686113733246,9.645674705505373,0.0,0.9494609164420486,0.1556603773584905,8.01488131558893,6.984588541666667,1.9657429477041224,2.5361065893371717,tensor(-1.9706),tensor(-1.2521),9.431457572795562,6.933061571067822,8.003383141418189,1.8547706394047316,1.8211776088320435,1.9649132974119607,-2.8757739067077637,-1.7280410528182983,-1.970980763435364,20.750358390808103,10.504529809951782,11.932751225911616,0.3402624356320008,0.2341810966810966,0.2539602315995731
5,-10,0.1258278145695364,0.5389473684210526,11.89365692838212,3.5397119522094727,0.0,0.9491961414790996,0.1485530546623794,7.980147350239347,3.3402380952380955,1.9740245115146584,3.978754080122646,tensor(-1.9700),tensor(0.7738),9.431457572795562,6.208209248755057,7.979720220194411,1.8547706394047316,2.2341580370945584,1.9701384153770471,-2.8757739067077637,-1.865125298500061,-1.9740893840789795,20.750358390808103,11.511723017692566,11.908726307277156,0.3402624356320008,0.2452566844919786,0.2542929909865078
5,-10,0.1589403973509933,0.5202145214521452,11.848413346020848,3.2318055629730225,0.0,0.9502762430939228,0.141804788213628,7.90681420436804,6.87734375,1.986459101768339,2.2048309325905806,tensor(-1.9591),tensor(0.8254),9.431457572795562,6.467385625903097,7.922580890103896,1.8547706394047316,2.302965454560069,1.9862517063211145,-2.8757739067077637,-1.1686971187591553,-1.9629515409469604,20.750358390808103,8.353824472427368,11.860710003204446,0.3402624356320008,0.1763068236699068,0.2532913655562177
5,-10,0.119205298013245,0.5684624017957352,11.789040690685049,6.695363998413086,0.0,0.9493521790341578,0.1360424028268551,7.817095234391188,9.254416666666666,1.9965908143744084,3.494168671983089,tensor(-1.9461),tensor(-0.6228),9.431457572795562,6.536928995937686,7.832257838771046,1.8547706394047316,2.1849013588267963,1.9939484428333136,-2.8757739067077637,-1.055431604385376,-1.9474915266036987,20.750358390808103,8.18130428791046,11.797328420106975,0.3402624356320008,0.1672014414301165,0.2519166634291753
5,-10,0.1258278145695364,0.5808080808080808,11.766782795130734,6.075770854949951,0.0,0.94960362400906,0.1308040770101925,7.718001324231232,7.402357142857142,2.0081705201875346,3.0281064126533046,tensor(-1.9459),tensor(-0.7820),9.431457572795562,6.304917433781457,7.733632806870508,1.8547706394047316,2.2122278352349407,2.0055527117251666,-2.8757739067077637,-1.717315912246704,-1.948062539100647,20.750358390808103,9.946874809265136,11.777067397018907,0.3402624356320008,0.225754478678307,0.251976422816758
5,-10,0.1324503311258278,0.5816326530612245,11.73927894020509,10.25594711303711,0.0,0.9504627109417528,0.1257485029940119,7.614500183727945,7.0944722222222225,2.022321196265793,1.9826315171864335,tensor(-1.9446),tensor(-1.6085),9.431457572795562,4.502267195406608,7.621764566923597,1.8547706394047316,1.7047323648957875,2.020945350173445,-2.8757739067077637,-2.308140516281128,-1.942758560180664,20.750358390808103,11.837350559234618,11.736835792880928,0.3402624356320008,0.2859788710315026,0.251482210183455
5,-10,0.1052631578947368,0.5942376950780313,11.703012379481136,9.57913589477539,0.0,0.9506302521008404,0.1213235294117647,7.504482154651578,2.6579924242424244,2.039938985538239,3.4698693856016902,tensor(-1.9394),tensor(-1.1987),9.431457572795562,7.401996751268055,7.516080972600439,1.8547706394047316,1.933944953099514,2.0368115771903397,-2.8757739067077637,-2.2176852226257324,-1.9410816431045532,20.750358390808103,11.349626350402833,11.709359926007366,0.3402624356320008,0.274136732832385,0.2513451653495431
5,-10,0.1184210526315789,0.6477777777777778,11.70561548535259,9.523036003112791,0.0,0.952308472856418,0.1171993911719939,7.4119888294592595,4.031444444444444,2.054864148355709,5.157127261214068,tensor(-1.9442),tensor(-1.1131),9.431457572795562,4.750748511335155,7.430386265207481,1.8547706394047316,1.662664331429848,2.052076903451134,-2.8757739067077637,-2.046123504638672,-1.9436252117156985,20.750358390808103,10.922661828994752,11.702728239098477,0.3402624356320008,0.2573684210526316,0.2516002071463263
5,-10,0.125,0.6691919191919192,11.722819321248506,8.258618354797363,0.0,0.9514467876410004,0.1132908288376655,7.314817592941939,10.485358333333334,2.0698309679413747,3.1085808067832077,tensor(-1.9468),tensor(-0.3408),9.431457572795562,5.3875862374735295,7.317729850167617,1.8547706394047316,1.4276092656017458,2.067576132104096,-2.8757739067077637,-2.9119815826416016,-1.9485915899276731,20.750358390808103,12.750606632232666,11.724770344276038,0.3402624356320008,0.3377790143871577,0.2520941493627385
5,-10,0.1184210526315789,0.587203302373581,11.754578106045214,19.553955078125,0.0,0.9515899383009018,0.1096345514950166,7.244235346222466,9.73821794871795,2.077958243946933,1.5231526724580895,tensor(-1.9490),tensor(-3.3899),9.431457572795562,6.738900477336505,7.24424405093431,1.8547706394047316,1.8078991477094943,2.0773038149265246,-2.8757739067077637,-1.2526262998580933,-1.9521777629852295,20.750358390808103,9.21964235305786,11.755075773470278,0.3402624356320008,0.1811549868260394,0.2524587049218567
5,-10,0.0921052631578947,0.6478114478114478,11.810736554171744,6.610983371734619,0.0,0.9513538320330428,0.1060119320789352,7.194737574184491,8.730223958333333,2.0811448998998396,2.6740110258551675,tensor(-1.9511),tensor(0.1008),9.431457572795562,8.451891216810967,7.201532982764994,1.8547706394047316,2.0538914023871233,2.0803316278260495,-2.8757739067077637,-1.306678056716919,-1.9517115354537964,20.750358390808103,9.31663157939911,11.804282036243688,0.3402624356320008,0.1893203463203463,0.2524605565246324
5,-10,0.1118421052631579,0.6364705882352941,11.83269558255023,9.93866729736328,0.0,0.9509585376727596,0.1029870708872046,7.177723092587215,7.989746212121212,2.0754254999266255,2.2518355117264783,tensor(-1.9473),tensor(-0.6817),9.431457572795562,5.829620193641264,7.182866884148781,1.8547706394047316,2.132808262466715,2.076222771707398,-2.8757739067077637,-1.3686057329177856,-1.9481003284454343,20.750358390808103,9.27121877670288,11.835603390861614,0.3402624356320008,0.1965728900255754,0.2521852314963669
5,-10,0.1118421052631579,0.6120023767082591,11.828298414725436,9.001625061035156,0.0,0.9506920415224912,0.0999134948096885,7.173464939386603,13.091666666666669,2.06547885314215,0.90639293878303,tensor(-1.9482),tensor(-0.9981),9.431457572795562,6.95631314973186,7.171368073770862,1.8547706394047316,1.924112699673481,2.066283125926763,-2.8757739067077637,-1.639730453491211,-1.950399398803711,20.750358390808103,10.289940214157104,11.834711655094042,0.3402624356320008,0.2206943698148609,0.2524675950579182
5,-10,0.0921052631578947,0.5966996699669967,11.8597305720464,9.83107852935791,0.0,0.95088161209068,0.096977329974811,7.159596798830178,11.13235,2.0524844765533663,2.460370718565593,tensor(-1.9551),tensor(0.7782),9.431457572795562,9.123523959869036,7.161634027011687,1.8547706394047316,2.022416184552949,2.0534936890778845,-2.8757739067077637,-1.6846160888671875,-1.9543395042419431,20.750358390808103,10.879197692871092,11.85335484972541,0.3402624356320008,0.2282025529510049,0.2529058046084826
5,-10,0.0789473684210526,0.5948844884488449,11.991231461597044,14.510334014892578,0.0,0.9506323949408404,0.0942472460220318,7.144019362047093,2.9665,2.052780859885202,3.926100423584096,tensor(-1.9432),tensor(-1.0566),9.431457572795562,7.2073061598124095,7.143917282192476,1.8547706394047316,2.164057967603117,2.05226593862185,-2.8757739067077637,-1.6299173831939695,-1.9454113245010376,20.750358390808103,10.482376790046692,11.959861880062252,0.3402624356320008,0.2229816017316017,0.2521285104373201
5,-10,0.0921052631578947,0.6024531024531025,12.225679231061497,21.94969940185547,0.0,0.9491861849940452,0.0917030567685589,7.112116862290446,7.28067,2.0612877059993373,2.093417531984549,tensor(-1.9368),tensor(-2.2455),9.431457572795562,6.412621426366843,7.116551983710384,1.8547706394047316,2.183420252436842,2.0600062060031643,-2.8757739067077637,-2.2928175926208496,-1.936496615409851,20.750358390808103,12.465222549438476,12.183053217795608,0.3402624356320008,0.2846486628839569,0.251321944508146
5,-10,0.0921052631578947,0.6442857142857142,12.472486919802622,33.4069709777832,0.0,0.9497681607418856,0.089258114374034,7.0344481887383505,5.222708333333333,2.0687060419808203,2.857051011722989,tensor(-1.9521),tensor(-0.5670),9.431457572795562,8.202902222463209,7.047172657981226,1.8547706394047316,2.0915409803247105,2.0666216001230757,-2.8757739067077637,-1.7575113773345947,-1.950983643531799,20.750358390808103,10.881115245819093,12.439100184176576,0.3402624356320008,0.2351051346314504,0.2526790215597214
5,-10,0.0723684210526315,0.6174617461746175,12.536634916875322,13.042341232299805,0.0,0.9495291902071564,0.0870056497175141,6.997801523373535,3.9134259259259263,2.0765341498684085,4.001067249000225,tensor(-1.9662),tensor(0.7611),9.431457572795562,8.70229779243235,6.99754563190839,1.8547706394047316,2.2227140984803992,2.073887150079497,-2.8757739067077637,-1.1367013454437256,-1.9685736894607544,20.750358390808103,8.955282640457153,12.53257675897647,0.3402624356320008,0.177528304598738,0.2543051087820855
5,-10,0.1052631578947368,0.6382575757575758,12.564815346108992,12.779730796813965,0.0,0.9490962744374768,0.0852084101807451,6.931698373295066,3.636545454545455,2.082493122045863,4.0666594700917384,tensor(-1.9834),tensor(-1.2321),9.431457572795562,7.564033206435472,6.946744906517634,1.8547706394047316,2.0890051896656727,2.0799384698741,-2.8757739067077637,-1.9779117107391355,-1.9858492612838743,20.750358390808103,10.99795880317688,12.564311196355192,0.3402624356320008,0.2554691166321601,0.2559029464034583
5,-10,0.0789473684210526,0.5782828282828283,12.550606008109858,5.8543596267700195,0.0,0.9482014388489208,0.0830935251798561,6.886706912539589,5.760434782608696,2.0927696188315803,2.9408863398248424,tensor(-1.9920),tensor(-0.6337),9.431457572795562,6.843585652336861,6.886080722803658,1.8547706394047316,2.4255244961935856,2.091095967688008,-2.8757739067077637,-2.020303726196289,-1.991570234298706,20.750358390808103,11.030485057830813,12.556458630426263,0.3402624356320008,0.2585899470899471,0.2564359144577009
5,-10,0.0855263157894736,0.6151603498542274,12.541358232216128,20.144866943359375,0.0,0.9477742726954084,0.0809674027339642,6.838395464210348,5.729166666666667,2.1057303954136093,0.8569422747553338,tensor(-1.9912),tensor(-3.6810),9.431457572795562,6.440867325377373,6.848333057746869,1.8547706394047316,1.877767238160408,2.103519846215844,-2.8757739067077637,-2.110450267791748,-1.9926540851593015,20.750358390808103,11.581984043121338,12.541430683034095,0.3402624356320008,0.2691458916900093,0.2565268646329028
5,-10,0.0921052631578947,0.6371428571428571,12.582315923405137,10.084364891052246,0.0,0.9476386036960984,0.0790554414784394,6.828572128672753,8.13002380952381,2.109484608661131,2.730581016603927,tensor(-1.9976),tensor(-2.3462),9.431457572795562,7.283524532527657,6.831682280584367,1.8547706394047316,1.8852160832852736,2.108602653090188,-2.8757739067077637,-1.9611308574676511,-1.9983644485473633,20.750358390808103,11.396481037139893,12.587900387051588,0.3402624356320008,0.25498075998076,0.2570411422787109
5,-10,0.0789473684210526,0.6666666666666666,12.61365341309919,17.79328155517578,0.0,0.9474916387959866,0.077257525083612,6.813784797861952,1.218787037037037,2.1143908894593593,2.382345649881536,tensor(-2.0024),tensor(-1.5805),9.431457572795562,8.49305063299274,6.8138819567023345,1.8547706394047316,2.2779583655745927,2.113851864326372,-2.8757739067077637,-1.5212349891662598,-2.00234317779541,20.750358390808103,9.936646795272829,12.607958322073388,0.3402624356320008,0.2125498843262001,0.2573894435104271
5,-10,0.0526315789473684,0.5860566448801743,12.63057884618752,16.169570922851562,0.0,0.9463877084014384,0.0755148741418764,6.806573918602012,2.720025641025641,2.1148991941830273,2.021672604591747,tensor(-2.0099),tensor(-3.4338),9.431457572795562,8.88903497600008,6.808118674166776,1.8547706394047316,1.8805164972808297,2.115584715400015,-2.8757739067077637,-2.3792173862457275,-2.0081772804260254,20.750358390808103,12.502938175201416,12.627391472835155,0.3402624356320008,0.2922613035113034,0.2578671734278734
5,-10,0.0723684210526315,0.5960637300843487,12.62518574251086,13.252670288085938,0.0,0.9467778134017312,0.0740621994228919,6.817771660153912,3.3936190476190475,2.107078838613442,1.7294280594600366,tensor(-2.0146),tensor(-3.0492),9.431457572795562,5.69782012107098,6.810831080835983,1.8547706394047316,2.295352439660314,2.108724807882246,-2.8757739067077637,-2.2790093421936035,-2.0160105228424072,20.750358390808103,12.171796798706056,12.628587566174737,0.3402624356320008,0.2833479602015071,0.2584595889151718
5,-10,0.0657894736842105,0.5297029702970297,12.606449734971523,9.939703941345217,0.0,0.9474677571563384,0.0726643598615917,6.842981960081562,12.20851282051282,2.0935716061197,1.2884558972875406,tensor(-2.0169),tensor(-1.7006),9.431457572795562,6.432632845441596,6.840870022656822,1.8547706394047316,2.297816034956592,2.096936758006782,-2.8757739067077637,-1.5903418064117432,-2.0156564712524414,20.750358390808103,10.32356629371643,12.609954001578895,0.3402624356320008,0.2200213675213675,0.2582143543054335
5,-10,0.0592105263157894,0.5772277227722772,12.57300899701151,4.821532726287842,0.0,0.946798639034952,0.071450665017012,6.866574047657456,24.117857142857144,2.0780723769013507,1.489316429170534,tensor(-2.0154),tensor(0.5877),9.431457572795562,6.3242628008112955,6.853627791172055,1.8547706394047316,1.9616985487683811,2.0805020125079894,-2.8757739067077637,-1.9621756076812744,-2.0174429416656494,20.750358390808103,11.50860595703125,12.583678347175624,0.3402624356320008,0.2526114124579598,0.2581374197150427
5,-10,0.0657894736842105,0.602,12.541393137796716,5.602835178375244,0.0,0.9473203410475032,0.070341047503045,6.874872401469641,7.48875,2.060343683368869,1.0637861520200065,tensor(-2.0180),tensor(-0.5207),9.431457572795562,6.029845217893836,6.876693666350494,1.8547706394047316,2.412334902993752,2.0636804419775747,-2.8757739067077637,-1.6173988580703735,-2.017894983291626,20.750358390808103,10.335495853424073,12.549013211139837,0.3402624356320008,0.2222555598482372,0.2579032115158787
5,-10,0.0526315789473684,0.615,12.518845471720091,8.216763496398926,0.0,0.947779111644658,0.0693277310924369,6.876636838977734,5.853090909090909,2.04424476677857,1.5835334593230372,tensor(-2.0216),tensor(-1.4904),9.431457572795562,8.253923075657893,6.878306393516989,1.8547706394047316,2.1479663553245514,2.047820999423952,-2.8757739067077637,-1.131975173950195,-2.020256996154785,20.750358390808103,8.438762021064758,12.522160613908245,0.3402624356320008,0.1764400584795321,0.2578941994949622
5,-10,0.0588235294117647,0.59,12.501269426396243,11.413028717041016,0.0,0.948535936113576,0.0683229813664596,6.878995951739518,4.676345679012346,2.028044604938065,1.2084799362555705,tensor(-2.0257),tensor(-2.1779),9.431457572795562,5.133291422644932,6.877494096487883,1.8547706394047316,2.322444067004649,2.0311723215606254,-2.8757739067077637,-1.884070634841919,-2.0239295959472656,20.750358390808103,10.878340816497802,12.50007903918036,0.3402624356320008,0.24712368528158,0.2579903569036366
5,-10,0.0457516339869281,0.5568513119533528,12.512842755479662,20.587631225585938,0.0,0.9490835030549898,0.0672097759674134,6.88434894492457,13.954166666666666,2.011189613219861,0.6080334310597769,tensor(-2.0374),tensor(-4.7213),9.431457572795562,5.053546975023539,6.882606439721705,1.8547706394047316,2.486030131155661,2.0142808394669425,-2.8757739067077637,-2.8570005893707275,-2.035691738128662,20.750358390808103,13.967987251281738,12.512130548898702,0.3402624356320008,0.3356013067392377,0.2589040004280608
5,-10,0.0457516339869281,0.5770862800565771,12.503386367845522,1.628817439079285,0.0,0.9490846681922196,0.0660755148741418,6.901678637572981,11.182333333333332,1.998782826791501,1.4427747064345546,tensor(-2.0408),tensor(0.6990),9.431457572795562,4.880158970211004,6.8961357763585145,1.8547706394047316,2.3675411307778864,2.0009181391230673,-2.8757739067077637,-2.0914735794067383,-2.0406272411346436,20.750358390808103,12.036017322540284,12.5072603200659,0.3402624356320008,0.2663699879411954,0.2592470355583666
5,-10,0.0261437908496732,0.3459595959595959,12.49175098353182,12.911639213562012,0.0,0.9491001124859392,0.0649606299212598,6.918951737744377,6.789892857142857,1.9854600526245565,1.12882867014357,tensor(-2.0440),tensor(-2.7228),9.431457572795562,5.207981935411891,6.912466863894432,1.8547706394047316,2.186939893580212,1.9870648819636072,-2.8757739067077637,-1.867954969406128,-2.044929027557373,20.750358390808103,11.098461627960203,12.498040020087648,0.3402624356320008,0.2427933859512807,0.2595476829544504
5,-10,0.0328947368421052,0.4752475247524752,12.468745837803706,9.679773330688477,0.0,0.9489232468249584,0.063776918829376,6.935237234433054,3.283058823529412,1.9752960481168833,1.429271558779601,tensor(-2.0460),tensor(-1.7543),9.431457572795562,4.376963469046901,6.934174569664388,1.8547706394047316,2.4978338339258865,1.975990745388761,-2.8757739067077637,-1.724169135093689,-2.0471596717834473,20.750358390808103,10.224015474319458,12.47515477036288,0.3402624356320008,0.2327475163146182,0.2597472383859735
5,-10,0.0394736842105263,0.4867986798679868,12.46483120551165,8.58349895477295,0.0,0.9497828447339848,0.0627035830618892,6.940248316872764,8.01798611111111,1.9659147825725147,1.6655578810026228,tensor(-2.0541),tensor(-0.4310),9.431457572795562,4.332787908086111,6.939589203610016,1.8547706394047316,1.8046539909583057,1.9669242485199023,-2.8757739067077637,-2.580873489379883,-2.053318977355957,20.750358390808103,12.94780068397522,12.46633936109495,0.3402624356320008,0.3108508241657387,0.2603503400511037
5,-10,0.0328947368421052,0.495049504950495,12.451864555033048,6.838518142700195,0.0,0.9498666666666666,0.0616,6.94639419190795,3.7548333333333335,1.962885598780911,3.4657019568792866,tensor(-2.0573),tensor(0.7914),9.431457572795562,3.9743505994152057,6.944177986509336,1.8547706394047316,2.5985801650381446,1.962923960312532,-2.8757739067077637,-1.4627918004989624,-2.059633731842041,20.750358390808103,9.688833475112917,12.457936955064056,0.3402624356320008,0.2086505847953216,0.2609723455208573
5,-10,0.0328947368421052,0.5891089108910891,12.45262797129198,8.376014709472656,0.0,0.949685534591195,0.0605345911949685,6.9355402365588095,8.133142857142857,1.9593058282090947,2.3028981327334463,tensor(-2.0682),tensor(-1.5349),9.431457572795562,3.8625939243671064,6.936335127221494,1.8547706394047316,2.5780566121892976,1.9600438855084912,-2.8757739067077637,-1.8703477382659912,-2.0664432048797607,20.750358390808103,11.078941917419431,12.45266491909968,0.3402624356320008,0.245923057168538,0.2616524873865887
5,-10,0.0328947368421052,0.5108910891089109,12.440239042733731,9.1939115524292,0.0,0.94931824028814,0.0594288654489323,6.927730100296906,4.8389999999999995,1.9567299549368988,2.2996615226148287,tensor(-2.0733),tensor(-1.6041),9.431457572795562,5.642807453022124,6.930994060978006,1.8547706394047316,2.875860663579176,1.957243906636127,-2.8757739067077637,-1.3814079761505127,-2.0713906288146973,20.750358390808103,9.94748387336731,12.440594978474882,0.3402624356320008,0.1991264875475402,0.2621678817346465
5,-10,0.0328947368421052,0.502970297029703,12.414610210416472,10.242793083190918,0.0,0.9482061647296616,0.0583628094997473,6.917774056579673,4.26675,1.959802820209076,2.3403997853879304,tensor(-2.0732),tensor(-1.5166),9.431457572795562,2.749733525132275,6.917448799811935,1.8547706394047316,2.6911541535346557,1.9586640109820108,-2.8757739067077637,-2.153960704803467,-2.074992418289185,20.750358390808103,12.258032608032227,12.42255004807899,0.3402624356320008,0.272092352092352,0.2625398112496744
5,-10,0.0263157894736842,0.36,12.406669288659108,3.4520506858825684,0.0,0.9476166832174776,0.0573485600794438,6.902390285368333,5.269083333333334,1.9637377696385196,2.975285801723229,tensor(-2.0793),tensor(0.7983),9.431457572795562,5.5914412530561695,6.902797498221678,1.8547706394047316,2.443765654402156,1.9630674732612388,-2.8757739067077637,-1.7378753423690796,-2.0799784660339355,20.750358390808103,11.520702171325684,12.411476632673804,0.3402624356320008,0.2335618203904648,0.2630324270040849
5,-10,0.0394736842105263,0.5336700336700336,12.38164087903383,8.203877449035645,0.0,0.9466992665036676,0.0564792176039119,6.890375929582367,3.8361666666666663,1.9706038041560143,2.4421609687629213,tensor(-2.0775),tensor(-0.9967),9.431457572795562,3.725662604470254,6.897740390841639,1.8547706394047316,2.653241160001244,1.9685397543119183,-2.8757739067077637,-1.9391025304794312,-2.0780980587005615,20.750358390808103,11.834125804901124,12.386054294592904,0.3402624356320008,0.2519636474193854,0.2628767013499715
5,-10,0.0328947368421052,0.452,12.372657173103596,9.75771141052246,0.0,0.946265060240964,0.0556626506024096,6.900780156131906,7.227961538461539,1.970601759103165,1.3522397251459917,tensor(-2.0811),tensor(-1.6716),9.431457572795562,4.659068708421208,6.899713457012969,1.8547706394047316,2.3943078420297894,1.970314005623418,-2.8757739067077637,-1.983391523361206,-2.081620454788208,20.750358390808103,12.469264936447145,12.377103994369218,0.3402624356320008,0.2565631590631591,0.2632216038966621
5,-10,0.0328947368421052,0.4808080808080808,12.363929521894445,11.430356979370115,0.0,0.9465304182509504,0.0548954372623574,6.923287107307216,20.73473076923077,1.969617591337414,1.0429487247032083,tensor(-2.0842),tensor(-2.5831),9.431457572795562,5.713313155031243,6.913315361279418,1.8547706394047316,2.1131238841469053,1.9698354055991325,-2.8757739067077637,-2.0448577404022217,-2.0847668647766113,20.750358390808103,13.893670749664306,12.368849733085677,0.3402624356320008,0.2624698340874811,0.2635252201371085
5,-10,0.0328947368421052,0.4323232323232323,12.346896402618013,14.435040473937988,0.0,0.946186242395882,0.0540477304632662,6.964326757357343,6.12675,1.9663079524920637,0.8491581714719368,tensor(-2.0850),tensor(-3.2236),9.431457572795562,4.895500560840077,6.9557055105370855,1.8547706394047316,2.2394068831910596,1.9666912398983,-2.8757739067077637,-1.8000295162200928,-2.085801362991333,20.750358390808103,12.60586233139038,12.352099451622584,0.3402624356320008,0.2403455068896245,0.2636185913083942
5,-10,0.0261437908496732,0.335,12.324563809191414,11.551801681518556,0.0,0.9462266328179092,0.0533117932148626,7.004636462964561,20.092175,1.9630042202391165,1.352205861940194,tensor(-2.0850),tensor(-2.5127),9.431457572795562,5.8779314660343305,6.993350436860971,1.8547706394047316,2.028322876641279,1.963426828523,-2.8757739067077637,-2.134079933166504,-2.085847854614258,20.750358390808103,14.638416194915772,12.330234710462332,0.3402624356320008,0.2709677340203656,0.263594901814434
5,-10,0.0326797385620915,0.4653061224489795,12.3121701625935,7.687579154968262,0.0,0.946290395994538,0.0525716886663632,7.04713328342272,14.837616666666667,1.9561771849381728,1.0515761172547904,tensor(-2.0876),tensor(-0.8971),9.431457572795562,6.237819998243716,7.033657173284555,1.8547706394047316,1.8158736113445395,1.9580957364206444,-2.8757739067077637,-1.6447675228118896,-2.087196111679077,20.750358390808103,11.631545114517213,12.314654242267736,0.3402624356320008,0.2270727956254272,0.263663823627659
5,-10,0.0326797385620915,0.4435643564356435,12.307515338806958,11.313090324401855,0.0,0.9467176258992804,0.05193345323741,7.082484752141054,8.425125,1.9507281572615287,1.479380453451933,tensor(-2.0886),tensor(-1.6797),9.431457572795562,8.524289638252247,7.06914285746244,1.8547706394047316,1.6893872435094297,1.952307545295597,-2.8757739067077637,-2.642383098602295,-2.0876779556274414,20.750358390808103,14.636581897735596,12.306189827785508,0.3402624356320008,0.317164948577992,0.2636271697261816
5,-10,0.0261437908496732,0.22,12.309777615434594,9.750954627990724,0.0,0.9468888888888888,0.0513333333333333,7.113165058945541,19.285285714285717,1.943172038953014,2.1817570543630325,tensor(-2.0891),tensor(-1.6078),9.431457572795562,7.42797093008843,7.10955568758331,1.8547706394047316,1.655506214040784,1.9445211781398757,-2.8757739067077637,-1.5765061378479004,-2.0890297889709473,20.750358390808103,10.7909597158432,12.312509084484624,0.3402624356320008,0.220554168054168,0.2636530920447038
5,-10,0.0389610389610389,0.4966996699669967,12.29283660589392,9.936443328857422,0.0,0.9472990777338604,0.0507246376811594,7.145319071708982,4.582847222222223,1.9364727699611195,1.37295173614196,tensor(-2.0899),tensor(-1.6677),9.431457572795562,5.665276695146959,7.13699581135566,1.8547706394047316,1.5596093868690208,1.9372839073121224,-2.8757739067077637,-2.5082154273986816,-2.0905332565307617,20.750358390808103,12.851748847961426,12.298554507772844,0.3402624356320008,0.3073798131692868,0.2636646068236329
5,-10,0.0324675324675324,0.4,12.27225279051006,8.3116455078125,0.0,0.9476314645806172,0.0501955671447196,7.174791604715639,11.84329411764706,1.9304550114839705,1.1090253190303438,tensor(-2.0894),tensor(-1.8495),9.431457572795562,7.349915477021151,7.165712452640049,1.8547706394047316,1.962123567208088,1.9318666170035017,-2.8757739067077637,-1.7533111572265625,-2.0890591144561768,20.750358390808103,10.822353553771972,12.27560796658103,0.3402624356320008,0.2354180906812485,0.2633948132853403
5,-10,0.0324675324675324,0.412,12.263222798429627,7.435722827911377,0.0,0.948194325021496,0.0496560619088564,7.21458896563814,16.711952380952383,1.9233908608757824,1.0306927895367812,tensor(-2.0932),tensor(-1.0257),9.431457572795562,7.172296161784217,7.203693445766239,1.8547706394047316,1.5550443781766954,1.925338593540433,-2.8757739067077637,-1.9985167980194092,-2.092099905014038,20.750358390808103,11.43781328201294,12.263805731257865,0.3402624356320008,0.2596622257853175,0.2635427934658745
5,-10,0.0259740259740259,0.255,12.252526288835458,11.60556697845459,0.0,0.9485325393449596,0.0491280306252658,7.246865917709292,12.565931818181816,1.9162549519375105,0.9947351604329256,tensor(-2.0955),tensor(-2.2844),9.431457572795562,7.172735332407538,7.236195405660085,1.8547706394047316,1.9069869385651947,1.918040461967192,-2.8757739067077637,-1.510860800743103,-2.095630884170532,20.750358390808103,11.848621606826782,12.255163073431754,0.3402624356320008,0.2137654967493677,0.2637528762908096
5,-10,0.0261437908496732,0.305,12.239820068704056,10.79237174987793,0.0,0.948540222642302,0.0485192186515437,7.303643487656079,10.2335,1.909058918929371,2.155124268211835,tensor(-2.0963),tensor(-0.7569),9.431457572795562,6.687606610476107,7.289622713179926,1.8547706394047316,1.875937464918238,1.9102477686323804,-2.8757739067077637,-2.331579208374023,-2.0961360931396484,20.750358390808103,14.982787322998046,12.242567641180306,0.3402624356320008,0.2891254140596245,0.2636738429549606
5,-10,0.0261437908496732,0.2846534653465346,12.239966878255355,15.270322799682615,0.0,0.9485263594852636,0.047945205479452,7.408771234427732,24.015000000000004,1.9053246951382763,0.983100192789929,tensor(-2.0917),tensor(-0.7911),9.431457572795562,8.391057708223386,7.38680305512203,1.8547706394047316,2.2087280431605048,1.9060463258733285,-2.8757739067077637,-1.4392493963241575,-2.093184471130371,20.750358390808103,16.32258348464966,12.237722628915716,0.3402624356320008,0.2052382982178378,0.2633804790092652
5,-10,0.0263157894736842,0.2146464646464646,12.26458987972432,11.645822525024414,0.0,0.9486287351616864,0.0472779369627507,7.49155117271154,14.046676470588237,1.9050298903642715,1.3596348386695611,tensor(-2.0901),tensor(-1.7640),9.431457572795562,6.339881726137425,7.480863506514165,1.8547706394047316,1.8809591693086891,1.9050403114917345,-2.8757739067077637,-1.7875328063964844,-2.0898258686065674,20.750358390808103,19.5381010055542,12.25974210888343,0.3402624356320008,0.2397282700959171,0.2630523750259439
5,-10,0.0328947368421052,0.42,12.30305317121307,12.34918975830078,0.0,0.9478893152898404,0.0466572409614219,7.543846178802444,4.224,1.9066307102457247,1.4331763385334038,tensor(-2.0849),tensor(-0.9468),9.431457572795562,5.498005583339709,7.5367534330026436,1.8547706394047316,2.4783532214568496,1.9060422882482588,-2.8757739067077637,-1.6512454748153689,-2.0860724449157715,20.750358390808103,21.322008991241457,12.299503508517192,0.3402624356320008,0.2253421262596454,0.2627191380918917
5,-10,0.0397350993377483,0.5404040404040404,12.379516687259782,27.24246597290039,0.0,0.9483343307400758,0.0460801915020945,7.546007607329458,1.0390555555555556,1.9098408420538688,3.336161998196576,tensor(-2.0873),tensor(-2.8387),9.431457572795562,7.041255532831819,7.55000811325552,1.8547706394047316,2.3763336630653473,1.9092235660759904,-2.8757739067077637,-1.4302778244018557,-2.086843252182007,20.750358390808103,22.626151847839356,12.36813057171281,0.3402624356320008,0.2048277947542653,0.2628111313362563
5,-10,0.0331125827814569,0.501010101010101,12.438640198223652,16.99212074279785,0.0,0.9485916880047272,0.0454993106165058,7.538081971861092,3.922708333333333,1.914981847278734,4.240454125176375,tensor(-2.0895),tensor(0.7574),9.431457572795562,4.341074437229438,7.539431939224203,1.8547706394047316,1.977197601965448,1.9138005075062896,-2.8757739067077637,-3.121376037597656,-2.089010238647461,20.750358390808103,23.052664852142335,12.430068621432872,0.3402624356320008,0.3621067821067821,0.2630398062603481
5,-10,0.0264900662251655,0.3907766990291262,12.472562952726836,11.522000312805176,0.0,0.948772886638099,0.0449941566030385,7.512736596114138,4.89312,1.9195536352011109,2.0813926216483334,tensor(-2.0902),tensor(-1.3452),9.431457572795562,3.4574103484682164,7.517881350468474,1.8547706394047316,2.1961061202100263,1.918410407899923,-2.8757739067077637,-2.7927496433258057,-2.0900564193725586,20.750358390808103,19.54867238998413,12.47389784526839,0.3402624356320008,0.3318242382948265,0.263167347903914
5,-10,0.0264900662251655,0.41,12.467217356058356,9.75858211517334,0.0,0.9482194417709336,0.04446583253128,7.480855176686482,1.510725,1.9265834172808511,3.4330630938183275,tensor(-2.0925),tensor(-1.3842),9.431457572795562,4.520308412654214,7.488357125038397,1.8547706394047316,2.1746015679994373,1.924938181029112,-2.8757739067077637,-2.9312078952789307,-2.0917959213256836,20.750358390808103,17.053996753692626,12.468096758561746,0.3402624356320008,0.344064457048328,0.2633569951480842
5,-10,0.0264900662251655,0.39,12.457471989926203,8.079835891723633,0.0,0.9480395888846592,0.0439665017129805,7.453550463447066,13.477333333333334,1.9312296055358344,3.3629603442520533,tensor(-2.0932),tensor(0.7331),9.431457572795562,5.190780508996232,7.45420136661366,1.8547706394047316,2.4182412251563483,1.930506973162943,-2.8757739067077637,-2.9608607292175293,-2.0946333408355713,20.750358390808103,13.213716983795166,12.461356792891644,0.3402624356320008,0.3452972344237238,0.2636516559811804
5,-10,0.0264900662251655,0.4065656565656566,12.438459049737247,8.339828491210938,0.0,0.9475268008275344,0.0434455520030092,7.422374479291961,3.833545454545454,1.9369621766619587,4.108767606809207,tensor(-2.0892),tensor(-0.2377),9.431457572795562,5.841524081981826,7.429158828565408,1.8547706394047316,2.8346342016467148,1.9359457190941496,-2.8757739067077637,-1.3316280841827393,-2.0891618728637695,20.750358390808103,13.303609085083009,12.440401403512436,0.3402624356320008,0.1945565907522429,0.2631859367481897
5,-10,0.0266666666666666,0.3459595959595959,12.426503176399049,10.499646186828612,0.0,0.9477598066555122,0.0429447852760736,7.392984762560746,4.8765624999999995,1.9402691955223648,1.454375997142361,tensor(-2.0903),tensor(-1.8715),9.431457572795562,4.372216510470881,7.395230683947264,1.8547706394047316,2.4921198482795863,1.939918236969697,-2.8757739067077637,-2.684011936187744,-2.0902206897735596,20.750358390808103,13.570019817352296,12.429130156932985,0.3402624356320008,0.3201316850504157,0.2633251808075447
5,-10,0.0266666666666666,0.3985148514851485,12.408164883802067,4.02971076965332,0.0,0.9467205585155244,0.0424398309755649,7.358321072542429,5.072928571428571,1.9430228652485,2.60474375444304,tensor(-2.0890),tensor(0.8192),9.431457572795562,3.718297142308747,7.363702382381524,1.8547706394047316,2.4151062282331734,1.942911564007919,-2.8757739067077637,-2.428710460662842,-2.089909791946411,20.750358390808103,13.216567039489746,12.412783193688092,0.3402624356320008,0.2977001228610718,0.2633422410730106
5,-10,0.0266666666666666,0.3638613861386138,12.391828330179218,13.786979675292969,0.0,0.9458673932788374,0.0419618528610354,7.323706501374405,4.170583333333333,1.9452106536173908,3.3463617072896157,tensor(-2.0880),tensor(-2.8667),9.431457572795562,6.953256006854256,7.330081402615102,1.8547706394047316,2.612535676567638,1.9446097171327652,-2.8757739067077637,-1.6413567066192627,-2.0886189937591553,20.750358390808103,10.590481662750244,12.39540038420679,0.3402624356320008,0.2231818181818182,0.2632731180968188
5,-10,0.0266666666666666,0.37,12.39183719925237,7.31790018081665,0.0,0.9459216672655408,0.0415019762845849,7.297024815593639,8.439446428571427,1.9458786365468992,2.827471862057904,tensor(-2.0911),tensor(-0.7843),9.431457572795562,3.5405649379108546,7.302202607114796,1.8547706394047316,2.7003333715209545,1.94564795625274,-2.8757739067077637,-1.5999360084533691,-2.0919411182403564,20.750358390808103,10.180880546569824,12.395644570567397,0.3402624356320008,0.2209376179376179,0.2636208745224238
5,-10,0.02,0.1895424836601307,12.376242018257596,7.372671604156494,0.0,0.9461524791185356,0.0410520703749777,7.259843854562255,3.05475,1.947779820154384,1.6723410669609475,tensor(-2.0890),tensor(-0.6893),9.431457572795562,7.349640274316778,7.265753158564548,1.8547706394047316,2.51392677152458,1.9474041741936476,-2.8757739067077637,-1.9571053981781008,-2.0904130935668945,20.750358390808103,11.446147227287293,12.382250383859729,0.3402624356320008,0.2520726046828988,0.2635264495604835
5,-10,0.0266666666666666,0.3391089108910891,12.367028696895632,6.603183269500732,0.0,0.9459602182714312,0.0406618553071642,7.2264111051661075,2.469966666666666,1.9483944706547252,2.2545789474728837,tensor(-2.0884),tensor(-0.6755),9.431457572795562,3.544479104912545,7.2340927516224625,1.8547706394047316,2.7759777941637527,1.948210966423197,-2.8757739067077637,-1.7375802993774414,-2.088346242904663,20.750358390808103,12.445429253578189,12.368033834701702,0.3402624356320008,0.2333037319839042,0.2633465544279036
5,-10,0.0266666666666666,0.395,12.37708631909037,10.48264503479004,0.0,0.9463134042182324,0.0402649468363256,7.183723885304759,2.7269464285714284,1.9487864260528407,3.0248532819654246,tensor(-2.0923),tensor(-1.5327),9.431457572795562,5.710149570066794,7.191895961824276,1.8547706394047316,2.4493852734634225,1.9482635845243188,-2.8757739067077637,-2.449857234954834,-2.0913500785827637,20.750358390808103,14.434698230028152,12.37374379754233,0.3402624356320008,0.2980768639744299,0.2636274717542128
5,-10,0.0266666666666666,0.4264705882352941,12.392159063295058,17.43972396850586,0.0,0.9464686582628216,0.0398894836815748,7.138716848471817,2.659821428571429,1.947733541933436,1.5897938317834597,tensor(-2.0992),tensor(-5.3912),9.431457572795562,7.51502816299039,7.147666244571705,1.8547706394047316,2.309475171667617,1.9480362113873213,-2.8757739067077637,-1.928694725036621,-2.0969698429107666,20.750358390808103,13.101531600952148,12.387417658428856,0.3402624356320008,0.2473438246536072,0.2641193515829269
5,-10,0.02,0.2933333333333333,12.394518768965996,11.195926666259766,0.0,0.9465753424657536,0.0395547945205479,7.096324055478897,1.835575,1.9465338352236532,1.967017180201506,tensor(-2.1055),tensor(-1.4185),9.431457572795562,6.999330079956117,7.105328161928009,1.8547706394047316,2.614797431688917,1.946857478925274,-2.8757739067077637,-1.7201083898544312,-2.1046483516693115,20.750358390808103,11.97382969856262,12.39454601577277,0.3402624356320008,0.229364911086879,0.2648223895361381
5,-10,0.02,0.231023102310231,12.40066757725741,15.154733657836914,0.0,0.9467868072084326,0.0392723563413804,7.06071115870205,3.203,1.9452242635921029,2.2121305530148416,tensor(-2.1130),tensor(-2.5775),9.431457572795562,5.695544678138338,7.069426201425001,1.8547706394047316,2.555328705147003,1.9457233185075096,-2.8757739067077637,-2.0621402263641357,-2.11102557182312,20.750358390808103,11.760571575164796,12.397257188538074,0.3402624356320008,0.2618328008420887,0.2653780533039546
5,-10,0.0266666666666666,0.43,12.41113969846507,12.32543659210205,0.0,0.947039973013999,0.0389610389610389,7.0191214339284445,1.8452205882352943,1.9436442747870777,1.8799765752708075,tensor(-2.1241),tensor(-1.2874),9.431457572795562,6.834733909176523,7.028011860056565,1.8547706394047316,2.393880525962466,1.9437651386865047,-2.8757739067077637,-1.577131748199463,-2.123177289962769,20.750358390808103,12.80839614868164,12.41074345012254,0.3402624356320008,0.215260453711265,0.2664993543359827
5,-10,0.0266666666666666,0.4065656565656566,12.4178296694523,14.994502067565918,0.0,0.9467960515308684,0.0386481512464447,6.983138043760412,3.466964285714286,1.9436827202369755,3.444851103395951,tensor(-2.1270),tensor(0.7901),9.431457572795562,4.436925977937032,6.990581651917296,1.8547706394047316,1.9203563990313897,1.9433655805748176,-2.8757739067077637,-3.4470982551574707,-2.1271767616271973,20.750358390808103,15.504131317138672,12.41559618124615,0.3402624356320008,0.389065892710394,0.2668421351190236
5,-10,0.0266666666666666,0.4722222222222222,12.425881895805167,13.659753799438477,0.0,0.947237431557989,0.0383275261324041,6.944620277037751,3.822767857142857,1.9449910373000312,1.265350457276849,tensor(-2.1344),tensor(-3.1012),9.431457572795562,7.967581583684103,6.951760188345049,1.8547706394047316,2.3998500299747327,1.9446721872676436,-2.8757739067077637,-1.4955036640167236,-2.133876085281372,20.750358390808103,12.50984182357788,12.424363270236029,0.3402624356320008,0.2053669269327163,0.2674586610816266
5,-10,0.0333333333333333,0.4571428571428571,12.426102971629614,10.989617347717283,0.0,0.9475242638591874,0.0379996709985194,6.905350896255062,2.964925,1.948512530375699,3.0181859084040954,tensor(-2.1370),tensor(-0.8313),9.431457572795562,5.609270020730144,6.912779481967486,1.8547706394047316,2.122132847122104,1.9476123420303768,-2.8757739067077637,-2.191220283508301,-2.136476516723633,20.750358390808103,13.588874435424804,12.426398328838916,0.3402624356320008,0.2688856926431889,0.2676961149537284
5,-10,0.0266666666666666,0.3571428571428571,12.413606020791727,5.663334369659424,0.0,0.9475911458333334,0.03759765625,6.863767963546693,4.574125,1.9546287976106476,3.524742381687231,tensor(-2.1351),tensor(0.7791),9.431457572795562,5.60854062313957,6.866737570561078,1.8547706394047316,1.9868781274301577,1.9526738163818635,-2.8757739067077637,-2.1930534839630127,-2.1361045837402344,20.750358390808103,12.557496070861816,12.417233249453757,0.3402624356320008,0.2705516226341653,0.2676730488181625
5,-10,0.0266666666666666,0.4671717171717172,12.403217398142434,7.43121337890625,0.0,0.947512477861858,0.0371920785702785,6.821265690600178,4.24925,1.9618080992639788,2.729474215230334,tensor(-2.1332),tensor(-1.0087),9.431457572795562,9.929620819543397,6.826847954566414,1.8547706394047316,1.4325715425495047,1.9604795731206563,-2.8757739067077637,-1.9109947681427,-2.1336941719055176,20.750358390808103,11.763422679901122,12.404683649467858,0.3402624356320008,0.2370516684934843,0.267480104749649
5,-10,0.02,0.2424242424242424,12.425404797553826,6.5944600105285645,0.0,0.9475279106858054,0.0368421052631578,6.785639767565853,4.943272727272727,1.9659383016278376,3.3372178751891615,tensor(-2.1386),tensor(-0.2152),9.431457572795562,8.523913226920138,6.792124043114985,1.8547706394047316,1.5692765696085744,1.9644477032859504,-2.8757739067077637,-1.7856019735336304,-2.1390058994293213,20.750358390808103,11.30348320007324,12.425500305120748,0.3402624356320008,0.2263656441597618,0.2679997153747934
5,-10,0.02,0.26,12.445764478991626,11.749431610107422,0.0,0.9475098814229248,0.0365217391304347,6.752326385763842,4.1429599999999995,1.9691930469069103,2.3450539247644477,tensor(-2.1425),tensor(-1.7975),9.431457572795562,7.779555779751078,6.758669246195599,1.8547706394047316,1.2392269045322355,1.96820959028425,-2.8757739067077637,-1.9810523986816408,-2.1425013542175293,20.750358390808103,11.282892179489137,12.444472154014562,0.3402624356320008,0.2427777415594753,0.2683519665294124
5,-10,0.02,0.3434343434343434,12.461552199934143,1.0447105169296265,0.0,0.947228311932352,0.036172878170999,6.714732295374201,2.74345,1.973492807227398,5.113422001056545,tensor(-2.1456),tensor(0.7239),9.431457572795562,7.43633552850613,6.721335973401352,1.8547706394047316,1.090666098847355,1.9728805889181296,-2.8757739067077637,-1.8360000848770144,-2.144909143447876,20.750358390808103,10.6503653049469,12.45850374172424,0.3402624356320008,0.2284216290123336,0.2686046195380024
5,-10,0.0266666666666666,0.4876237623762376,12.469419594118534,7.041962146759033,0.0,0.9469520707305724,0.0358306188925081,6.67966557980894,2.179357142857143,1.9771837185293344,2.6140593276950397,tensor(-2.1473),tensor(-0.7269),9.431457572795562,8.288515035256339,6.685126406893954,1.8547706394047316,1.1450614913263366,1.9762849021532176,-2.8757739067077637,-2.254945993423462,-2.147589683532715,20.750358390808103,11.041422510147097,12.470588282614145,0.3402624356320008,0.2661196318754458,0.26888804130993
5,-10,0.02,0.3266666666666666,12.473632638442536,12.440080642700195,0.0,0.9470046082949308,0.0354838709677419,6.642833337805932,2.1102857142857143,1.979983153487996,2.909010627770237,tensor(-2.1492),tensor(-2.3063),9.431457572795562,7.497917235864472,6.6489286073704745,1.8547706394047316,0.9315787056976248,1.979078948133752,-2.8757739067077637,-2.2534940242767334,-2.1490161418914795,20.750358390808103,10.817632174491882,12.473944765141376,0.3402624356320008,0.2624707683470607,0.2690600185912841
5,-10,0.0266666666666666,0.4948979591836734,12.484901921066026,5.287919521331787,0.0,0.9468554895690574,0.0351758793969849,6.6086311260222805,4.100545454545455,1.9823751814561308,3.65776806664113,tensor(-2.1538),tensor(-0.2144),9.431457572795562,5.952328295687972,6.614727033403184,1.8547706394047316,0.7787882009791699,1.9820276121221303,-2.8757739067077637,-1.9008671045303345,-2.1528494358062744,20.750358390808103,9.58043327331543,12.48255475384716,0.3402624356320008,0.2274571980307274,0.2694461291881282
5,-10,0.0133333333333333,0.13,12.48812729132406,10.146858215332031,0.0,0.9469948655995168,0.0348837209302325,6.578106723129974,3.765840909090909,1.9841002924575952,2.339319151085318,tensor(-2.1564),tensor(-1.6528),9.431457572795562,8.374875610833735,6.583225319180806,1.8547706394047316,0.8931171354141536,1.9839363758339792,-2.8757739067077637,-2.1984171867370605,-2.1558070182800293,20.750358390808103,10.732685852050782,12.487298398862912,0.3402624356320008,0.2575859401105675,0.2697533191569211
5,-10,0.0266666666666666,0.5,12.489157432240988,5.623894691467285,0.0,0.9465488845635576,0.0345860158706393,6.547101324632254,2.7205,1.9870720915303008,4.023109661145272,tensor(-2.1594),tensor(0.7739),9.431457572795562,5.442269730566295,6.552612700208821,1.8547706394047316,1.0080880142445134,1.9860439476311147,-2.8757739067077637,-2.56388783454895,-2.1602346897125244,20.750358390808103,11.980159473419189,12.492215660844076,0.3402624356320008,0.2933202798852229,0.27019082260132
5,-10,0.0132450331125827,0.04,12.493641685465564,17.22999382019043,0.0,0.9468685069753636,0.0342831700801424,6.513491586693697,1.739142857142857,1.989460932089086,0.9796518693954078,tensor(-2.1655),tensor(-6.1385),9.431457572795562,7.613220122498275,6.51869264108476,1.8547706394047316,1.0086404516951073,1.988932501438618,-2.8757739067077637,-2.3505661487579346,-2.164116859436035,20.750358390808103,11.917734217643735,12.49253658179136,0.3402624356320008,0.2783523119392684,0.2705808635160903
5,-10,0.0132450331125827,0.005050505050505,12.496319641706137,10.898841857910156,0.0,0.9468805179517364,0.0339905826957033,6.480457899532788,3.8336875,1.9925744528032157,2.9375014660656804,tensor(-2.1685),tensor(-1.2465),9.431457572795562,6.684582774597478,6.486111649784933,1.8547706394047316,1.1305779959347173,1.9923662153506752,-2.8757739067077637,-2.320547103881836,-2.167234420776367,20.750358390808103,11.476207065582276,12.495004499618226,0.3402624356320008,0.2719319605832763,0.2708963363557657
5,-10,0.0132450331125827,0.0151515151515151,12.51608272283552,12.939800262451172,0.0,0.9466083150984684,0.0336980306345733,6.448847083888306,2.689722222222222,1.9968024079250997,1.8575217227230063,tensor(-2.1707),tensor(-2.7858),9.431457572795562,7.481505477946769,6.454959634572783,1.8547706394047316,0.9518263783449264,1.996200182698444,-2.8757739067077637,-2.6224589347839355,-2.169846296310425,20.750358390808103,12.756915950775149,12.515457858853832,0.3402624356320008,0.2988231884294176,0.271163746814672
5,-10,0.0133333333333333,0.0757575757575757,12.511401331902755,13.65174674987793,0.0,0.9459537572254336,0.0333815028901734,6.414004657410353,2.28345,2.0019255277192505,2.8526924300773424,tensor(-2.1722),tensor(-3.5616),9.431457572795562,5.975657488314974,6.418647445962958,1.8547706394047316,1.3810755332584614,2.001322492374771,-2.8757739067077637,-3.0037307739257812,-2.1726388931274414,20.750358390808103,15.055538940429688,12.51338772586993,0.3402624356320008,0.3473241331723305,0.2714472633671088
5,-10,0.0133333333333333,0.0408163265306122,12.510671839881836,7.961907863616943,0.0,0.9457331042382588,0.0330756013745704,6.379463664331536,2.3450625,2.0060060179913943,3.626762804379918,tensor(-2.1742),tensor(-0.5776),9.431457572795562,6.208909422500871,6.384917561196541,1.8547706394047316,1.0634448348628145,2.0051032816427345,-2.8757739067077637,-2.0391640663146973,-2.1741111278533936,20.750358390808103,11.119755446910858,12.511483797477144,0.3402624356320008,0.2520383596080747,0.2716127651833689
5,-10,0.0133333333333333,0.0858585858585858,12.506755984956971,4.721431255340576,0.0,0.9456506314743862,0.0327799063431247,6.345524430561723,3.2158500000000005,2.009289248052144,5.126990073718789,tensor(-2.1764),tensor(0.7151),9.431457572795562,9.255440330988456,6.350876915951243,1.8547706394047316,1.2599930904142829,2.0084480599605494,-2.8757739067077637,-1.621829628944397,-2.175973415374756,20.750358390808103,9.247269821166991,12.507395699596954,0.3402624356320008,0.2113329725829726,0.2718161088179283
5,-10,0.0133333333333333,0.094059405940594,12.506322998743627,12.160086631774902,0.0,0.9457331646281456,0.0324757486292703,6.3129246412709685,4.395428571428572,2.011630914396279,2.1380322038865462,tensor(-2.1806),tensor(-2.2944),9.431457572795562,7.874644330192868,6.318432448350764,1.8547706394047316,1.2107095136637107,2.011588511646922,-2.8757739067077637,-2.331350803375244,-2.1790945529937744,20.750358390808103,11.89168405532837,12.504472002749978,0.3402624356320008,0.285102399501158,0.2721343359818362
5,-10,0.0133333333333333,0.0841584158415841,12.499707555022493,12.451207160949709,0.0,0.9453734671125976,0.032190635451505,6.281991349859523,3.019815789473684,2.0152588351555596,2.136446435083323,tensor(-2.1816),tensor(-2.6107),9.431457572795562,9.329089884135168,6.287544689109627,1.8547706394047316,1.6587519966530908,2.01482590319913,-2.8757739067077637,-1.919887900352478,-2.1801257133483887,20.750358390808103,10.543917036056518,12.498002243743176,0.3402624356320008,0.2482534584715112,0.2722538610923752
5,-10,0.0133333333333333,0.0148514851485148,12.499126507458609,13.002152442932127,0.0,0.9454193726682328,0.031919303578831,6.25174063902629,4.07278947368421,2.018003617110003,2.1819860747677153,tensor(-2.1857),tensor(-3.1992),9.431457572795562,6.719577510724569,6.257380299015904,1.8547706394047316,1.4320197035812523,2.017633101176455,-2.8757739067077637,-2.4944071769714355,-2.1849687099456787,20.750358390808103,12.135616874694824,12.499203999173316,0.3402624356320008,0.3016213198566139,0.2727262481813491
5,-10,0.0133333333333333,0.0151515151515151,12.49358031323196,12.781915664672852,0.0,0.9453125,0.0316611842105263,6.222232479269762,1.6218695652173911,2.0215484999770617,2.1474592146476272,tensor(-2.1865),tensor(-2.9521),9.431457572795562,5.959602143172875,6.227071336515856,1.8547706394047316,1.6343634451668876,2.0211343789553555,-2.8757739067077637,-2.3049612045288086,-2.186166524887085,20.750358390808103,12.200916862487793,12.494023072594407,0.3402624356320008,0.2876586494001354,0.2728631277402674
5,-10,0.0133333333333333,0.0148514851485148,12.496893248347236,9.793249130249023,0.0,0.9453581622944136,0.0313986679352997,6.192778544759927,3.908625,2.0234207841983416,2.684417103602994,tensor(-2.1927),tensor(-0.5442),9.431457572795562,6.329228107282161,6.196929594642783,1.8547706394047316,1.6380922387783916,2.0227558156969754,-2.8757739067077637,-2.6192824840545654,-2.1928234100341797,20.750358390808103,12.291393947601318,12.498318569111277,0.3402624356320008,0.3137994638715701,0.2735049765074187
5,-10,0.0133333333333333,0.01,12.500324596697377,17.19036102294922,0.0,0.9457782573509576,0.0311572700296735,6.165084285143046,2.5688269230769234,2.025617409504949,0.7919952177424381,tensor(-2.1984),tensor(-5.4129),9.431457572795562,9.4907351984127,6.170033701070118,1.8547706394047316,1.9708601412122857,2.025292745009436,-2.8757739067077637,-1.9413458108901975,-2.197108507156372,20.750358390808103,11.317019844055176,12.499322089418438,0.3402624356320008,0.2513492063492063,0.2739231183971927
5,-10,0.0133333333333333,0.06,12.499228979196316,11.366488456726074,0.0,0.94593871269905,0.0309112806101967,6.136953925514747,2.3614375,2.0292973754091825,2.9005799900803857,tensor(-2.2011),tensor(-1.9182),9.431457572795562,7.598654513225904,6.141890824003859,1.8547706394047316,1.8854113384269873,2.02884712791799,-2.8757739067077637,-2.056058406829834,-2.20003890991211,20.750358390808103,11.1653178691864,12.49833715892854,0.3402624356320008,0.2633776947689991,0.2742148575460974
5,-10,0.0133333333333333,0.0151515151515151,12.500963919761563,13.5043306350708,0.0,0.9457199734571996,0.0306569343065693,6.1073279540320256,0.8582000000000001,2.0318891093936955,1.7096053424206563,tensor(-2.2057),tensor(-3.4930),9.431457572795562,4.717613507464757,6.112266538984272,1.8547706394047316,1.7555639398091938,2.0319741059746255,-2.8757739067077637,-2.5698800086975098,-2.203836679458618,20.750358390808103,12.023155784606931,12.499161526939004,0.3402624356320008,0.3099761349761349,0.2745892228911602
5,-10,0.0133333333333333,0.0841584158415841,12.500312405484893,10.040277481079102,0.0,0.946024223275408,0.0304107424960505,6.07887288705334,3.6472857142857142,2.035253343577256,3.8366510036983152,tensor(-2.2085),tensor(-0.7959),9.431457572795562,5.914128354864935,6.083182334491954,1.8547706394047316,1.7830146088937369,2.034227253743332,-2.8757739067077637,-2.7680506706237793,-2.209038257598877,20.750358390808103,12.845680427551269,12.50182515242516,0.3402624356320008,0.3298947165072926,0.2750938571858475
5,-10,0.0133333333333333,0.01,12.506669127410811,37.606746673583984,0.0,0.946433237522864,0.0301802978834596,6.052470291257937,4.313571428571429,2.0378617308534994,2.6914498739720756,tensor(-2.2120),tensor(-0.7493),9.431457572795562,7.692922529556618,6.0570153859226785,1.8547706394047316,1.6723665257874152,2.0374447397572695,-2.8757739067077637,-2.796985626220703,-2.211659669876098,20.750358390808103,12.727408409118652,12.501664993148989,0.3402624356320008,0.3318419396744205,0.2753563007677782
5,-10,0.0133333333333333,0.010204081632653,12.552466045379733,12.2821626663208,0.0,0.9463243873978996,0.0299494360171139,6.026317996886236,2.3453125,2.04177752413162,3.043630266939563,tensor(-2.2137),tensor(-2.6108),9.431457572795562,5.471889102902638,6.031097968074909,1.8547706394047316,1.7914356256158297,2.041231528978337,-2.8757739067077637,-2.1550703048706055,-2.213179349899292,20.750358390808103,11.70160584449768,12.55244529078212,0.3402624356320008,0.273439718848926,0.2755159094007118
5,-10,0.0134228187919463,0.0841584158415841,12.552192099148856,9.584291458129885,0.0,0.9463320463320464,0.0297297297297297,6.000873972019238,2.6509285714285715,2.0431212625037016,3.726906972157028,tensor(-2.2168),tensor(-0.7818),9.431457572795562,5.573199251137956,6.005054523751088,1.8547706394047316,1.7924516999793767,2.0426032659576183,-2.8757739067077637,-1.874352216720581,-2.216632127761841,20.750358390808103,10.708420324325562,12.55279870063604,0.3402624356320008,0.2475367647058823,0.2758606299052323
5,-10,0.0134228187919463,0.0544554455445544,12.54960301229208,7.867139339447021,0.0,0.9464947005490996,0.0294981483846252,5.9745727580707,4.2921,2.0467631370733756,4.036232058821282,tensor(-2.2188),tensor(-0.3374),9.431457572795562,5.926048654511365,5.978122514965212,1.8547706394047316,1.7561885775284043,2.046073232016185,-2.8757739067077637,-2.696441411972046,-2.2188808917999268,20.750358390808103,12.346413040161131,12.550733108892263,0.3402624356320008,0.3234855861353139,0.2760883594330602
5,-10,0.0134228187919463,0.08,12.549900649569004,14.020358085632324,0.0,0.9465077956648498,0.0292812777284826,5.950883210472027,1.9020652173913044,2.048465042660658,1.8888385845024431,tensor(-2.2223),tensor(-3.4178),9.431457572795562,7.511307943722945,5.954581002245496,1.8547706394047316,2.6306082571753313,2.047910474541746,-2.8757739067077637,-0.994412899017334,-2.222295045852661,20.750358390808103,8.257759523391723,12.550972544911671,0.3402624356320008,0.1637012987012987,0.2764256947504714
5,-10,0.0134228187919463,0.1,12.540842833087634,8.308349609375,0.0,0.946421833731606,0.0290529493145516,5.926065071835887,1.993285714285714,2.053031341785697,3.473258542528839,tensor(-2.2214),tensor(-0.7607),9.431457572795562,7.116090276610644,5.930216036165413,1.8547706394047316,2.3144522403976566,2.0527344111752286,-2.8757739067077637,-2.2814908027648926,-2.221409797668457,20.750358390808103,11.33095154762268,12.541768552670474,0.3402624356320008,0.2825953458306399,0.2763605461400935
5,-10,0.0134228187919463,0.0252525252525252,12.544482225717134,5.8705034255981445,0.0,0.9464218808542524,0.0288497564630947,5.902358125300196,2.636911764705882,2.055267022174412,4.144350587622443,tensor(-2.2256),tensor(0.1227),9.431457572795562,5.278148323206206,5.906657262880196,1.8547706394047316,2.02626070244125,2.0546079109481346,-2.8757739067077637,-2.484364748001098,-2.2250869274139404,20.750358390808103,12.232846975326538,12.544303584634712,0.3402624356320008,0.3034495439201321,0.2767208603834674
5,-10,0.0134228187919463,0.005050505050505,12.540538420544616,7.624383926391602,0.0,0.946317877510538,0.0286387304735928,5.8800925682881315,2.7411875,2.057850226927116,2.7050824514158665,tensor(-2.2265),tensor(-0.5367),9.431457572795562,6.004957306586242,5.884016615604837,1.8547706394047316,1.9380049358950064,2.0570914952410995,-2.8757739067077637,-2.659224271774292,-2.2269606590270996,20.750358390808103,12.603432846069335,12.542709200889938,0.3402624356320008,0.3187157247029327,0.2769137750292286