type,number_of_cpu_cores,voltages_frequencies,ISL,capacitance,powerIdle,batteryLevel,errorRate,acceptableTasks,handleSafeTask,name
iot,16,"[[(8000000.0, 4.0), (1000000.0, 1.8), (4000000.0, 2.7), (16000000.0, 5.0)], [(4000000.0, 2.7), (2000000.0, 2.3), (32000000.0, 6.5), (8000000.0, 4.0)], [(8000000.0, 4.0), (32000000.0, 6.5), (2000000.0, 2.3), (1000000.0, 1.8)], [(16000000.0, 5.0), (4000000.0, 2.7), (1000000.0, 1.8), (2000000.0, 2.3)], [(4000000.0, 2.7), (32000000.0, 6.5), (8000000.0, 4.0), (1000000.0, 1.8)], [(8000000.0, 4.0), (2000000.0, 2.3), (16000000.0, 5.0), (32000000.0, 6.5)], [(4000000.0, 2.7), (16000000.0, 5.0), (1000000.0, 1.8), (2000000.0, 2.3)], [(16000000.0, 5.0), (1000000.0, 1.8), (32000000.0, 6.5), (2000000.0, 2.3)], [(8000000.0, 4.0), (32000000.0, 6.5), (2000000.0, 2.3), (1000000.0, 1.8)], [(1000000.0, 1.8), (16000000.0, 5.0), (2000000.0, 2.3), (8000000.0, 4.0)], [(16000000.0, 5.0), (32000000.0, 6.5), (8000000.0, 4.0), (1000000.0, 1.8)], [(1000000.0, 1.8), (4000000.0, 2.7), (16000000.0, 5.0), (32000000.0, 6.5)], [(32000000.0, 6.5), (2000000.0, 2.3), (1000000.0, 1.8), (8000000.0, 4.0)], [(4000000.0, 2.7), (2000000.0, 2.3), (16000000.0, 5.0), (32000000.0, 6.5)], [(16000000.0, 5.0), (2000000.0, 2.3), (1000000.0, 1.8), (8000000.0, 4.0)], [(1000000.0, 1.8), (32000000.0, 6.5), (2000000.0, 2.3), (8000000.0, 4.0)]]",0.1910958019508966,"[2.2490821472494835e-09, 2.568592076893177e-09, 2.497810588990305e-09, 2.7760145954853694e-09, 2.076642151304671e-09, 2.9335742172905674e-09, 2.7655677162185374e-09, 2.297808255336631e-09, 2.920157629267046e-09, 2.9680066588797683e-09, 2.387908457125232e-09, 2.3297703409920917e-09, 2.858129294994411e-09, 2.801340857711697e-09, 2.0110764010938435e-09, 2.450217822800523e-09]","[800000.0, 800000.0, 1000000.0, 900000.0, 900000.0, 1000000.0, 1000000.0, 900000.0, 900000.0, 900000.0, 900000.0, 800000.0, 900000.0, 800000.0, 1000000.0, 900000.0]",36950124427.127785,0.0070839764923684235,[4 1 2 3],1,iot0
iot,4,"[[(16000000.0, 5.0), (8000000.0, 4.0), (1000000.0, 1.8), (32000000.0, 6.5)], [(2000000.0, 2.3), (4000000.0, 2.7), (8000000.0, 4.0), (16000000.0, 5.0)], [(8000000.0, 4.0), (16000000.0, 5.0), (2000000.0, 2.3), (1000000.0, 1.8)], [(4000000.0, 2.7), (16000000.0, 5.0), (2000000.0, 2.3), (32000000.0, 6.5)]]",0.13298373868453697,"[2.3725978316123023e-09, 2.6185539048695658e-09, 2.3977427752163244e-09, 2.2109066340460798e-09]","[900000.0, 1000000.0, 1000000.0, 900000.0]",36846556751.877396,0.005047089767806363,[2 4],1,iot1
iot,16,"[[(8000000.0, 4.0), (1000000.0, 1.8), (32000000.0, 6.5), (4000000.0, 2.7)], [(4000000.0, 2.7), (2000000.0, 2.3), (16000000.0, 5.0), (8000000.0, 4.0)], [(1000000.0, 1.8), (32000000.0, 6.5), (4000000.0, 2.7), (2000000.0, 2.3)], [(1000000.0, 1.8), (2000000.0, 2.3), (32000000.0, 6.5), (8000000.0, 4.0)], [(32000000.0, 6.5), (1000000.0, 1.8), (2000000.0, 2.3), (8000000.0, 4.0)], [(2000000.0, 2.3), (16000000.0, 5.0), (32000000.0, 6.5), (1000000.0, 1.8)], [(1000000.0, 1.8), (4000000.0, 2.7), (2000000.0, 2.3), (32000000.0, 6.5)], [(1000000.0, 1.8), (4000000.0, 2.7), (16000000.0, 5.0), (2000000.0, 2.3)], [(1000000.0, 1.8), (4000000.0, 2.7), (32000000.0, 6.5), (2000000.0, 2.3)], [(4000000.0, 2.7), (16000000.0, 5.0), (32000000.0, 6.5), (2000000.0, 2.3)], [(16000000.0, 5.0), (4000000.0, 2.7), (32000000.0, 6.5), (8000000.0, 4.0)], [(2000000.0, 2.3), (16000000.0, 5.0), (32000000.0, 6.5), (4000000.0, 2.7)], [(16000000.0, 5.0), (8000000.0, 4.0), (2000000.0, 2.3), (1000000.0, 1.8)], [(1000000.0, 1.8), (32000000.0, 6.5), (8000000.0, 4.0), (16000000.0, 5.0)], [(16000000.0, 5.0), (1000000.0, 1.8), (8000000.0, 4.0), (32000000.0, 6.5)], [(8000000.0, 4.0), (16000000.0, 5.0), (1000000.0, 1.8), (32000000.0, 6.5)]]",0.16365804135843515,"[2.051381692727131e-09, 2.9470854038807098e-09, 2.287310075153357e-09, 2.434340951779006e-09, 2.6728369335795007e-09, 2.139743858720346e-09, 2.6475996628521435e-09, 2.731740625044796e-09, 2.7399973095906906e-09, 2.5130259741706728e-09, 2.3952080676785134e-09, 2.735114845846349e-09, 2.18111806232207e-09, 2.8930474316063256e-09, 2.537831506259696e-09, 2.903215709732984e-09]","[900000.0, 1000000.0, 1000000.0, 900000.0, 1000000.0, 800000.0, 900000.0, 800000.0, 800000.0, 800000.0, 800000.0, 800000.0, 900000.0, 800000.0, 800000.0, 800000.0]",36290996748.16821,0.009347061132323052,[1 4],1,iot2
iot,16,"[[(1000000.0, 1.8), (4000000.0, 2.7), (8000000.0, 4.0), (2000000.0, 2.3)], [(8000000.0, 4.0), (4000000.0, 2.7), (2000000.0, 2.3), (32000000.0, 6.5)], [(4000000.0, 2.7), (8000000.0, 4.0), (2000000.0, 2.3), (1000000.0, 1.8)], [(8000000.0, 4.0), (32000000.0, 6.5), (2000000.0, 2.3), (4000000.0, 2.7)], [(2000000.0, 2.3), (4000000.0, 2.7), (1000000.0, 1.8), (32000000.0, 6.5)], [(16000000.0, 5.0), (2000000.0, 2.3), (32000000.0, 6.5), (1000000.0, 1.8)], [(2000000.0, 2.3), (1000000.0, 1.8), (8000000.0, 4.0), (16000000.0, 5.0)], [(32000000.0, 6.5), (16000000.0, 5.0), (8000000.0, 4.0), (2000000.0, 2.3)], [(4000000.0, 2.7), (2000000.0, 2.3), (1000000.0, 1.8), (8000000.0, 4.0)], [(16000000.0, 5.0), (4000000.0, 2.7), (8000000.0, 4.0), (2000000.0, 2.3)], [(8000000.0, 4.0), (1000000.0, 1.8), (32000000.0, 6.5), (16000000.0, 5.0)], [(16000000.0, 5.0), (1000000.0, 1.8), (2000000.0, 2.3), (32000000.0, 6.5)], [(1000000.0, 1.8), (8000000.0, 4.0), (4000000.0, 2.7), (16000000.0, 5.0)], [(8000000.0, 4.0), (32000000.0, 6.5), (4000000.0, 2.7), (16000000.0, 5.0)], [(32000000.0, 6.5), (4000000.0, 2.7), (16000000.0, 5.0), (8000000.0, 4.0)], [(8000000.0, 4.0), (1000000.0, 1.8), (2000000.0, 2.3), (4000000.0, 2.7)]]",0.1946221643894956,"[2.006750036000037e-09, 2.6688574695542286e-09, 2.8875323666316356e-09, 2.266474535034953e-09, 2.5429428383964282e-09, 2.6098563873903425e-09, 2.658095829868783e-09, 2.399930107609125e-09, 2.985253241435686e-09, 2.827268370754532e-09, 2.6665772667767242e-09, 2.011517792607239e-09, 2.311353285065959e-09, 2.282106874912585e-09, 2.1026128946533483e-09, 2.4068372405912886e-09]","[900000.0, 900000.0, 800000.0, 800000.0, 800000.0, 1000000.0, 800000.0, 1000000.0, 900000.0, 900000.0, 900000.0, 900000.0, 900000.0, 1000000.0, 900000.0, 900000.0]",37559628733.812584,0.00862963314900391,[4 3 2 1],1,iot3
iot,4,"[[(1000000.0, 1.8), (16000000.0, 5.0), (32000000.0, 6.5), (2000000.0, 2.3)], [(4000000.0, 2.7), (1000000.0, 1.8), (8000000.0, 4.0), (32000000.0, 6.5)], [(2000000.0, 2.3), (1000000.0, 1.8), (8000000.0, 4.0), (32000000.0, 6.5)], [(2000000.0, 2.3), (1000000.0, 1.8), (8000000.0, 4.0), (16000000.0, 5.0)]]",0.12699601860325263,"[2.1032989017697984e-09, 2.3598904277526283e-09, 2.552206064212042e-09, 2.4828656854223438e-09]","[1000000.0, 1000000.0, 800000.0, 900000.0]",39770430570.88688,0.007589775027099194,[4 2],1,iot4
iot,16,"[[(32000000.0, 6.5), (8000000.0, 4.0), (16000000.0, 5.0), (4000000.0, 2.7)], [(1000000.0, 1.8), (4000000.0, 2.7), (16000000.0, 5.0), (32000000.0, 6.5)], [(32000000.0, 6.5), (8000000.0, 4.0), (4000000.0, 2.7), (16000000.0, 5.0)], [(32000000.0, 6.5), (1000000.0, 1.8), (2000000.0, 2.3), (8000000.0, 4.0)], [(8000000.0, 4.0), (2000000.0, 2.3), (4000000.0, 2.7), (1000000.0, 1.8)], [(8000000.0, 4.0), (2000000.0, 2.3), (32000000.0, 6.5), (1000000.0, 1.8)], [(4000000.0, 2.7), (8000000.0, 4.0), (32000000.0, 6.5), (2000000.0, 2.3)], [(1000000.0, 1.8), (4000000.0, 2.7), (16000000.0, 5.0), (2000000.0, 2.3)], [(32000000.0, 6.5), (16000000.0, 5.0), (4000000.0, 2.7), (2000000.0, 2.3)], [(4000000.0, 2.7), (32000000.0, 6.5), (2000000.0, 2.3), (1000000.0, 1.8)], [(4000000.0, 2.7), (2000000.0, 2.3), (16000000.0, 5.0), (32000000.0, 6.5)], [(32000000.0, 6.5), (4000000.0, 2.7), (2000000.0, 2.3), (16000000.0, 5.0)], [(32000000.0, 6.5), (1000000.0, 1.8), (16000000.0, 5.0), (8000000.0, 4.0)], [(1000000.0, 1.8), (2000000.0, 2.3), (16000000.0, 5.0), (32000000.0, 6.5)], [(1000000.0, 1.8), (2000000.0, 2.3), (4000000.0, 2.7), (32000000.0, 6.5)], [(2000000.0, 2.3), (8000000.0, 4.0), (16000000.0, 5.0), (1000000.0, 1.8)]]",0.12071842167034466,"[2.5805546163563485e-09, 2.4056621275276807e-09, 2.8535381149326663e-09, 2.1145859310413915e-09, 2.747933324027832e-09, 2.837670909307759e-09, 2.6306548118366267e-09, 2.120077061821368e-09, 2.749630670661301e-09, 2.8379458923875685e-09, 2.287524649054502e-09, 2.915175919277814e-09, 2.3322571895751138e-09, 2.6612488556094444e-09, 2.8951799583185107e-09, 2.9273410075573e-09]","[800000.0, 800000.0, 800000.0, 1000000.0, 900000.0, 900000.0, 1000000.0, 900000.0, 900000.0, 800000.0, 900000.0, 900000.0, 800000.0, 800000.0, 1000000.0, 800000.0]",38629381639.050255,0.006367482472916823,[2 1 4 3],1,iot5
iot,16,"[[(8000000.0, 4.0), (32000000.0, 6.5), (2000000.0, 2.3), (16000000.0, 5.0)], [(2000000.0, 2.3), (8000000.0, 4.0), (4000000.0, 2.7), (1000000.0, 1.8)], [(32000000.0, 6.5), (16000000.0, 5.0), (4000000.0, 2.7), (1000000.0, 1.8)], [(32000000.0, 6.5), (1000000.0, 1.8), (4000000.0, 2.7), (8000000.0, 4.0)], [(4000000.0, 2.7), (2000000.0, 2.3), (32000000.0, 6.5), (1000000.0, 1.8)], [(32000000.0, 6.5), (1000000.0, 1.8), (16000000.0, 5.0), (8000000.0, 4.0)], [(16000000.0, 5.0), (32000000.0, 6.5), (1000000.0, 1.8), (2000000.0, 2.3)], [(8000000.0, 4.0), (4000000.0, 2.7), (32000000.0, 6.5), (16000000.0, 5.0)], [(8000000.0, 4.0), (16000000.0, 5.0), (2000000.0, 2.3), (32000000.0, 6.5)], [(32000000.0, 6.5), (2000000.0, 2.3), (1000000.0, 1.8), (16000000.0, 5.0)], [(32000000.0, 6.5), (8000000.0, 4.0), (4000000.0, 2.7), (16000000.0, 5.0)], [(16000000.0, 5.0), (2000000.0, 2.3), (32000000.0, 6.5), (4000000.0, 2.7)], [(2000000.0, 2.3), (8000000.0, 4.0), (32000000.0, 6.5), (4000000.0, 2.7)], [(4000000.0, 2.7), (8000000.0, 4.0), (2000000.0, 2.3), (32000000.0, 6.5)], [(8000000.0, 4.0), (2000000.0, 2.3), (1000000.0, 1.8), (4000000.0, 2.7)], [(32000000.0, 6.5), (2000000.0, 2.3), (1000000.0, 1.8), (8000000.0, 4.0)]]",0.14563152210212907,"[2.949986552614406e-09, 2.1182021673854102e-09, 2.160059154334033e-09, 2.697447127287256e-09, 2.9147101351928067e-09, 2.487501771365445e-09, 2.8100346508350267e-09, 2.1244221110643905e-09, 2.165642746642326e-09, 2.1072768107240778e-09, 2.0646019320059918e-09, 2.5991860503900677e-09, 2.427898191386454e-09, 2.435527133642715e-09, 2.0727289090198564e-09, 2.7356829847392567e-09]","[1000000.0, 900000.0, 800000.0, 1000000.0, 800000.0, 1000000.0, 1000000.0, 800000.0, 1000000.0, 1000000.0, 1000000.0, 800000.0, 800000.0, 800000.0, 800000.0, 1000000.0]",39259191499.361694,0.009766481138297667,[4 3 1],1,iot6
iot,8,"[[(16000000.0, 5.0), (4000000.0, 2.7), (8000000.0, 4.0), (32000000.0, 6.5)], [(8000000.0, 4.0), (2000000.0, 2.3), (32000000.0, 6.5), (4000000.0, 2.7)], [(1000000.0, 1.8), (4000000.0, 2.7), (32000000.0, 6.5), (2000000.0, 2.3)], [(8000000.0, 4.0), (16000000.0, 5.0), (32000000.0, 6.5), (1000000.0, 1.8)], [(32000000.0, 6.5), (2000000.0, 2.3), (16000000.0, 5.0), (8000000.0, 4.0)], [(8000000.0, 4.0), (2000000.0, 2.3), (32000000.0, 6.5), (16000000.0, 5.0)], [(16000000.0, 5.0), (8000000.0, 4.0), (2000000.0, 2.3), (1000000.0, 1.8)], [(4000000.0, 2.7), (2000000.0, 2.3), (16000000.0, 5.0), (8000000.0, 4.0)]]",0.19128915753806586,"[2.6794589192096805e-09, 2.3140169825738585e-09, 2.1432271593177787e-09, 2.909806989936153e-09, 2.006344732614288e-09, 2.4552599737328437e-09, 2.458106717536852e-09, 2.304895657865763e-09]","[1000000.0, 1000000.0, 1000000.0, 900000.0, 900000.0, 800000.0, 900000.0, 900000.0]",38835375718.824974,0.008245249134873216,[3 2 4 1],1,iot7
iot,16,"[[(8000000.0, 4.0), (32000000.0, 6.5), (1000000.0, 1.8), (2000000.0, 2.3)], [(4000000.0, 2.7), (16000000.0, 5.0), (32000000.0, 6.5), (1000000.0, 1.8)], [(8000000.0, 4.0), (32000000.0, 6.5), (16000000.0, 5.0), (4000000.0, 2.7)], [(32000000.0, 6.5), (8000000.0, 4.0), (1000000.0, 1.8), (16000000.0, 5.0)], [(32000000.0, 6.5), (1000000.0, 1.8), (2000000.0, 2.3), (16000000.0, 5.0)], [(1000000.0, 1.8), (16000000.0, 5.0), (4000000.0, 2.7), (32000000.0, 6.5)], [(4000000.0, 2.7), (8000000.0, 4.0), (1000000.0, 1.8), (32000000.0, 6.5)], [(32000000.0, 6.5), (4000000.0, 2.7), (1000000.0, 1.8), (8000000.0, 4.0)], [(32000000.0, 6.5), (2000000.0, 2.3), (1000000.0, 1.8), (8000000.0, 4.0)], [(16000000.0, 5.0), (32000000.0, 6.5), (1000000.0, 1.8), (2000000.0, 2.3)], [(16000000.0, 5.0), (8000000.0, 4.0), (4000000.0, 2.7), (32000000.0, 6.5)], [(8000000.0, 4.0), (2000000.0, 2.3), (32000000.0, 6.5), (1000000.0, 1.8)], [(32000000.0, 6.5), (8000000.0, 4.0), (4000000.0, 2.7), (2000000.0, 2.3)], [(4000000.0, 2.7), (2000000.0, 2.3), (16000000.0, 5.0), (8000000.0, 4.0)], [(2000000.0, 2.3), (1000000.0, 1.8), (4000000.0, 2.7), (8000000.0, 4.0)], [(16000000.0, 5.0), (32000000.0, 6.5), (8000000.0, 4.0), (1000000.0, 1.8)]]",0.1860249301960798,"[2.5871909378726e-09, 2.7647986220803314e-09, 2.369257382188437e-09, 2.296335905836205e-09, 2.173504632999645e-09, 2.0740577655504805e-09, 2.620919362186867e-09, 2.555967500202246e-09, 2.4421869576989654e-09, 2.4516972306357793e-09, 2.713580482064119e-09, 2.864495935755497e-09, 2.9169797815031984e-09, 2.612105824262628e-09, 2.0562849413050643e-09, 2.8529145572177642e-09]","[900000.0, 1000000.0, 800000.0, 800000.0, 900000.0, 800000.0, 800000.0, 1000000.0, 800000.0, 800000.0, 1000000.0, 900000.0, 1000000.0, 900000.0, 900000.0, 800000.0]",37609909501.07385,0.00970116630802124,[3 1 4],1,iot8
iot,4,"[[(16000000.0, 5.0), (2000000.0, 2.3), (4000000.0, 2.7), (1000000.0, 1.8)], [(1000000.0, 1.8), (8000000.0, 4.0), (4000000.0, 2.7), (16000000.0, 5.0)], [(32000000.0, 6.5), (1000000.0, 1.8), (16000000.0, 5.0), (2000000.0, 2.3)], [(4000000.0, 2.7), (1000000.0, 1.8), (2000000.0, 2.3), (8000000.0, 4.0)]]",0.1031159840198674,"[2.482820590150962e-09, 2.096607122221789e-09, 2.071450599782528e-09, 2.3037153929468263e-09]","[1000000.0, 800000.0, 1000000.0, 1000000.0]",36794571917.326775,0.00739530977983863,[3 1 4],0,iot9
mec,16,"[[(600000000.0, 0.8), (1500000000.0, 1.2), (4000000000.0, 3.1), (3000000000.0, 2)], [(600000000.0, 0.8), (4000000000.0, 3.1), (3000000000.0, 2), (1500000000.0, 1.2)], [(4000000000.0, 3.1), (1000000000.0, 1.0), (3000000000.0, 2), (1500000000.0, 1.2)], [(750000000.0, 0.825), (1500000000.0, 1.2), (3000000000.0, 2), (1000000000.0, 1.0)], [(4000000000.0, 3.1), (1500000000.0, 1.2), (600000000.0, 0.8), (1000000000.0, 1.0)], [(1500000000.0, 1.2), (4000000000.0, 3.1), (1000000000.0, 1.0), (3000000000.0, 2)], [(1500000000.0, 1.2), (4000000000.0, 3.1), (3000000000.0, 2), (750000000.0, 0.825)], [(4000000000.0, 3.1), (600000000.0, 0.8), (750000000.0, 0.825), (1000000000.0, 1.0)], [(600000000.0, 0.8), (3000000000.0, 2), (750000000.0, 0.825), (4000000000.0, 3.1)], [(3000000000.0, 2), (4000000000.0, 3.1), (750000000.0, 0.825), (600000000.0, 0.8)], [(4000000000.0, 3.1), (750000000.0, 0.825), (3000000000.0, 2), (1000000000.0, 1.0)], [(600000000.0, 0.8), (4000000000.0, 3.1), (750000000.0, 0.825), (1500000000.0, 1.2)], [(4000000000.0, 3.1), (1000000000.0, 1.0), (750000000.0, 0.825), (3000000000.0, 2)], [(1000000000.0, 1.0), (1500000000.0, 1.2), (3000000000.0, 2), (750000000.0, 0.825)], [(750000000.0, 0.825), (4000000000.0, 3.1), (1000000000.0, 1.0), (1500000000.0, 1.2)], [(3000000000.0, 2), (1500000000.0, 1.2), (1000000000.0, 1.0), (750000000.0, 0.825)]]",-1.0,"[1.8560014012762481e-09, 1.5786261606521912e-09, 1.6264489306596717e-09, 1.7777603490074298e-09, 1.8210797635950732e-09, 1.6382885016448194e-09, 1.7568716583943429e-09, 1.7981215218236031e-09, 1.7271275488969954e-09, 1.864550513895907e-09, 1.8264260438528584e-09, 1.5775397789541999e-09, 1.7139684131020195e-09, 1.529796801727013e-09, 1.864274592220052e-09, 1.5989589249500975e-09]","[900000.0, 600000.0, 600000.0, 600000.0, 600000.0, 700000.0, 600000.0, 600000.0, 700000.0, 900000.0, 900000.0, 600000.0, 700000.0, 600000.0, 600000.0, 600000.0]",-1.0,0.011329677618931566,[3 2 1],1,mec10
mec,16,"[[(750000000.0, 0.825), (1500000000.0, 1.2), (600000000.0, 0.8), (3000000000.0, 2)], [(4000000000.0, 3.1), (3000000000.0, 2), (1500000000.0, 1.2), (750000000.0, 0.825)], [(600000000.0, 0.8), (4000000000.0, 3.1), (1000000000.0, 1.0), (3000000000.0, 2)], [(600000000.0, 0.8), (750000000.0, 0.825), (1000000000.0, 1.0), (4000000000.0, 3.1)], [(1500000000.0, 1.2), (1000000000.0, 1.0), (4000000000.0, 3.1), (3000000000.0, 2)], [(4000000000.0, 3.1), (600000000.0, 0.8), (1500000000.0, 1.2), (3000000000.0, 2)], [(1000000000.0, 1.0), (3000000000.0, 2), (600000000.0, 0.8), (1500000000.0, 1.2)], [(750000000.0, 0.825), (600000000.0, 0.8), (3000000000.0, 2), (4000000000.0, 3.1)], [(1500000000.0, 1.2), (3000000000.0, 2), (1000000000.0, 1.0), (4000000000.0, 3.1)], [(600000000.0, 0.8), (4000000000.0, 3.1), (750000000.0, 0.825), (1500000000.0, 1.2)], [(1500000000.0, 1.2), (1000000000.0, 1.0), (4000000000.0, 3.1), (600000000.0, 0.8)], [(600000000.0, 0.8), (1000000000.0, 1.0), (3000000000.0, 2), (1500000000.0, 1.2)], [(1500000000.0, 1.2), (3000000000.0, 2), (600000000.0, 0.8), (4000000000.0, 3.1)], [(1500000000.0, 1.2), (4000000000.0, 3.1), (1000000000.0, 1.0), (750000000.0, 0.825)], [(3000000000.0, 2), (1000000000.0, 1.0), (600000000.0, 0.8), (750000000.0, 0.825)], [(600000000.0, 0.8), (1000000000.0, 1.0), (4000000000.0, 3.1), (1500000000.0, 1.2)]]",-1.0,"[1.7468810793741652e-09, 1.7694274941543458e-09, 1.6272193911804474e-09, 1.853515995055382e-09, 1.9884027889017193e-09, 1.5494348312194693e-09, 1.7037189338342762e-09, 1.6519972291548395e-09, 1.506907260840527e-09, 1.8002552756807387e-09, 1.903914545592962e-09, 1.815003191608859e-09, 1.5567800085159066e-09, 1.9234265584501425e-09, 1.5566937963440326e-09, 1.9796692200834194e-09]","[900000.0, 900000.0, 700000.0, 700000.0, 900000.0, 900000.0, 900000.0, 900000.0, 600000.0, 900000.0, 700000.0, 600000.0, 700000.0, 900000.0, 600000.0, 900000.0]",-1.0,0.0140019099698815,[2 1 3 4],0,mec11
mec,64,"[[(3000000000.0, 2), (4000000000.0, 3.1), (600000000.0, 0.8), (750000000.0, 0.825)], [(4000000000.0, 3.1), (1000000000.0, 1.0), (600000000.0, 0.8), (1500000000.0, 1.2)], [(3000000000.0, 2), (750000000.0, 0.825), (1000000000.0, 1.0), (4000000000.0, 3.1)], [(600000000.0, 0.8), (3000000000.0, 2), (1000000000.0, 1.0), (1500000000.0, 1.2)], [(1500000000.0, 1.2), (750000000.0, 0.825), (1000000000.0, 1.0), (600000000.0, 0.8)], [(1500000000.0, 1.2), (1000000000.0, 1.0), (600000000.0, 0.8), (3000000000.0, 2)], [(750000000.0, 0.825), (1500000000.0, 1.2), (4000000000.0, 3.1), (600000000.0, 0.8)], [(600000000.0, 0.8), (1000000000.0, 1.0), (4000000000.0, 3.1), (750000000.0, 0.825)], [(1500000000.0, 1.2), (600000000.0, 0.8), (1000000000.0, 1.0), (750000000.0, 0.825)], [(750000000.0, 0.825), (1500000000.0, 1.2), (1000000000.0, 1.0), (3000000000.0, 2)], [(3000000000.0, 2), (4000000000.0, 3.1), (1000000000.0, 1.0), (1500000000.0, 1.2)], [(750000000.0, 0.825), (3000000000.0, 2), (1000000000.0, 1.0), (4000000000.0, 3.1)], [(750000000.0, 0.825), (600000000.0, 0.8), (3000000000.0, 2), (1000000000.0, 1.0)], [(1500000000.0, 1.2), (750000000.0, 0.825), (600000000.0, 0.8), (1000000000.0, 1.0)], [(600000000.0, 0.8), (750000000.0, 0.825), (1500000000.0, 1.2), (4000000000.0, 3.1)], [(1000000000.0, 1.0), (3000000000.0, 2), (1500000000.0, 1.2), (4000000000.0, 3.1)], [(3000000000.0, 2), (1000000000.0, 1.0), (600000000.0, 0.8), (1500000000.0, 1.2)], [(4000000000.0, 3.1), (600000000.0, 0.8), (1500000000.0, 1.2), (3000000000.0, 2)], [(3000000000.0, 2), (4000000000.0, 3.1), (1000000000.0, 1.0), (750000000.0, 0.825)], [(1000000000.0, 1.0), (600000000.0, 0.8), (3000000000.0, 2), (750000000.0, 0.825)], [(1000000000.0, 1.0), (750000000.0, 0.825), (4000000000.0, 3.1), (1500000000.0, 1.2)], [(1500000000.0, 1.2), (750000000.0, 0.825), (600000000.0, 0.8), (4000000000.0, 3.1)], [(1500000000.0, 1.2), (4000000000.0, 3.1), (1000000000.0, 1.0), (750000000.0, 0.825)], [(4000000000.0, 3.1), (1500000000.0, 1.2), (600000000.0, 0.8), (750000000.0, 0.825)], [(750000000.0, 0.825), (1500000000.0, 1.2), (600000000.0, 0.8), (3000000000.0, 2)], [(600000000.0, 0.8), (1500000000.0, 1.2), (1000000000.0, 1.0), (4000000000.0, 3.1)], [(1500000000.0, 1.2), (600000000.0, 0.8), (750000000.0, 0.825), (1000000000.0, 1.0)], [(1000000000.0, 1.0), (4000000000.0, 3.1), (1500000000.0, 1.2), (3000000000.0, 2)], [(1500000000.0, 1.2), (750000000.0, 0.825), (4000000000.0, 3.1), (3000000000.0, 2)], [(3000000000.0, 2), (750000000.0, 0.825), (1000000000.0, 1.0), (4000000000.0, 3.1)], [(750000000.0, 0.825), (1500000000.0, 1.2), (600000000.0, 0.8), (3000000000.0, 2)], [(1000000000.0, 1.0), (1500000000.0, 1.2), (3000000000.0, 2), (750000000.0, 0.825)], [(4000000000.0, 3.1), (750000000.0, 0.825), (3000000000.0, 2), (600000000.0, 0.8)], [(1500000000.0, 1.2), (600000000.0, 0.8), (4000000000.0, 3.1), (3000000000.0, 2)], [(3000000000.0, 2), (1000000000.0, 1.0), (1500000000.0, 1.2), (750000000.0, 0.825)], [(1500000000.0, 1.2), (3000000000.0, 2), (1000000000.0, 1.0), (4000000000.0, 3.1)], [(750000000.0, 0.825), (3000000000.0, 2), (1500000000.0, 1.2), (600000000.0, 0.8)], [(4000000000.0, 3.1), (1500000000.0, 1.2), (600000000.0, 0.8), (750000000.0, 0.825)], [(3000000000.0, 2), (600000000.0, 0.8), (1500000000.0, 1.2), (750000000.0, 0.825)], [(1000000000.0, 1.0), (3000000000.0, 2), (1500000000.0, 1.2), (4000000000.0, 3.1)], [(4000000000.0, 3.1), (3000000000.0, 2), (1500000000.0, 1.2), (600000000.0, 0.8)], [(3000000000.0, 2), (1000000000.0, 1.0), (750000000.0, 0.825), (1500000000.0, 1.2)], [(750000000.0, 0.825), (4000000000.0, 3.1), (600000000.0, 0.8), (1500000000.0, 1.2)], [(750000000.0, 0.825), (600000000.0, 0.8), (4000000000.0, 3.1), (1000000000.0, 1.0)], [(1000000000.0, 1.0), (600000000.0, 0.8), (3000000000.0, 2), (1500000000.0, 1.2)], [(600000000.0, 0.8), (1500000000.0, 1.2), (750000000.0, 0.825), (1000000000.0, 1.0)], [(4000000000.0, 3.1), (1000000000.0, 1.0), (1500000000.0, 1.2), (3000000000.0, 2)], [(3000000000.0, 2), (4000000000.0, 3.1), (600000000.0, 0.8), (1000000000.0, 1.0)], [(3000000000.0, 2), (750000000.0, 0.825), (1000000000.0, 1.0), (4000000000.0, 3.1)], [(600000000.0, 0.8), (750000000.0, 0.825), (3000000000.0, 2), (1000000000.0, 1.0)], [(1500000000.0, 1.2), (3000000000.0, 2), (1000000000.0, 1.0), (4000000000.0, 3.1)], [(600000000.0, 0.8), (1000000000.0, 1.0), (750000000.0, 0.825), (3000000000.0, 2)], [(600000000.0, 0.8), (3000000000.0, 2), (1000000000.0, 1.0), (4000000000.0, 3.1)], [(1000000000.0, 1.0), (4000000000.0, 3.1), (3000000000.0, 2), (600000000.0, 0.8)], [(1500000000.0, 1.2), (4000000000.0, 3.1), (1000000000.0, 1.0), (600000000.0, 0.8)], [(750000000.0, 0.825), (4000000000.0, 3.1), (1000000000.0, 1.0), (600000000.0, 0.8)], [(1500000000.0, 1.2), (1000000000.0, 1.0), (4000000000.0, 3.1), (600000000.0, 0.8)], [(1500000000.0, 1.2), (4000000000.0, 3.1), (750000000.0, 0.825), (600000000.0, 0.8)], [(1500000000.0, 1.2), (600000000.0, 0.8), (4000000000.0, 3.1), (3000000000.0, 2)], [(1000000000.0, 1.0), (4000000000.0, 3.1), (600000000.0, 0.8), (750000000.0, 0.825)], [(750000000.0, 0.825), (3000000000.0, 2), (1500000000.0, 1.2), (4000000000.0, 3.1)], [(4000000000.0, 3.1), (750000000.0, 0.825), (3000000000.0, 2), (1500000000.0, 1.2)], [(600000000.0, 0.8), (4000000000.0, 3.1), (1000000000.0, 1.0), (1500000000.0, 1.2)], [(4000000000.0, 3.1), (1000000000.0, 1.0), (1500000000.0, 1.2), (600000000.0, 0.8)]]",-1.0,"[1.7064683316540835e-09, 1.9341335738392056e-09, 1.9113109299342738e-09, 1.5184377840643824e-09, 1.588131046527732e-09, 1.708005360793449e-09, 1.8372929108873804e-09, 1.6197582330526836e-09, 1.503536904917918e-09, 1.7622636976171443e-09, 1.7922658885871978e-09, 1.967216849091161e-09, 1.7557911859584209e-09, 1.8267504628838375e-09, 1.5103881745014022e-09, 1.935398947944298e-09, 1.9178925718330487e-09, 1.606215705007872e-09, 1.8138037693153955e-09, 1.9769597397927717e-09, 1.879399918062375e-09, 1.891386379065005e-09, 1.56849420531231e-09, 1.824033518791643e-09, 1.5010615245366604e-09, 1.6716490989422614e-09, 1.9683518634188497e-09, 1.572035383804409e-09, 1.5104251211529619e-09, 1.9348457339376473e-09, 1.6003189615041045e-09, 1.952649659644955e-09, 1.975995364561065e-09, 1.8859717736943934e-09, 1.842698259228309e-09, 1.6106170281431162e-09, 1.6557585436882302e-09, 1.73009819705096e-09, 1.5434806597625338e-09, 1.951696924701949e-09, 1.5426146104193305e-09, 1.5442645271518032e-09, 1.9602532424986563e-09, 1.9176388570636957e-09, 1.6036841236460183e-09, 1.5128900649353444e-09, 1.510759498309059e-09, 1.8657883658397017e-09, 1.868981614196138e-09, 1.7540956653287797e-09, 1.5089626573256589e-09, 1.612283563987201e-09, 1.7651525711452766e-09, 1.981719976571291e-09, 1.5870837883385285e-09, 1.647740906098583e-09, 1.932419654091853e-09, 1.5407343737464686e-09, 1.5432594236480561e-09, 1.977684492104661e-09, 1.7962826057089242e-09, 1.5509505382947012e-09, 1.6420237443769695e-09, 1.6882355839360905e-09]","[600000.0, 600000.0, 600000.0, 900000.0, 600000.0, 600000.0, 700000.0, 600000.0, 900000.0, 900000.0, 900000.0, 700000.0, 700000.0, 700000.0, 600000.0, 700000.0, 900000.0, 600000.0, 700000.0, 900000.0, 900000.0, 700000.0, 600000.0, 900000.0, 600000.0, 900000.0, 900000.0, 700000.0, 900000.0, 600000.0, 600000.0, 700000.0, 700000.0, 600000.0, 700000.0, 600000.0, 600000.0, 700000.0, 600000.0, 700000.0, 900000.0, 600000.0, 900000.0, 900000.0, 600000.0, 700000.0, 700000.0, 600000.0, 700000.0, 700000.0, 900000.0, 700000.0, 700000.0, 600000.0, 600000.0, 700000.0, 700000.0, 700000.0, 900000.0, 600000.0, 700000.0, 700000.0, 900000.0, 900000.0]",-1.0,0.012430546744673669,[3 2 4],0,mec12
mec,64,"[[(1000000000.0, 1.0), (3000000000.0, 2), (600000000.0, 0.8), (750000000.0, 0.825)], [(1000000000.0, 1.0), (600000000.0, 0.8), (1500000000.0, 1.2), (750000000.0, 0.825)], [(600000000.0, 0.8), (4000000000.0, 3.1), (3000000000.0, 2), (1000000000.0, 1.0)], [(3000000000.0, 2), (750000000.0, 0.825), (1500000000.0, 1.2), (1000000000.0, 1.0)], [(1500000000.0, 1.2), (750000000.0, 0.825), (1000000000.0, 1.0), (3000000000.0, 2)], [(750000000.0, 0.825), (1500000000.0, 1.2), (600000000.0, 0.8), (3000000000.0, 2)], [(3000000000.0, 2), (1500000000.0, 1.2), (4000000000.0, 3.1), (600000000.0, 0.8)], [(750000000.0, 0.825), (600000000.0, 0.8), (3000000000.0, 2), (1000000000.0, 1.0)], [(600000000.0, 0.8), (1000000000.0, 1.0), (1500000000.0, 1.2), (750000000.0, 0.825)], [(750000000.0, 0.825), (1000000000.0, 1.0), (600000000.0, 0.8), (3000000000.0, 2)], [(4000000000.0, 3.1), (1500000000.0, 1.2), (750000000.0, 0.825), (600000000.0, 0.8)], [(600000000.0, 0.8), (1500000000.0, 1.2), (1000000000.0, 1.0), (3000000000.0, 2)], [(3000000000.0, 2), (1000000000.0, 1.0), (4000000000.0, 3.1), (1500000000.0, 1.2)], [(1500000000.0, 1.2), (1000000000.0, 1.0), (600000000.0, 0.8), (4000000000.0, 3.1)], [(600000000.0, 0.8), (4000000000.0, 3.1), (3000000000.0, 2), (1500000000.0, 1.2)], [(1000000000.0, 1.0), (1500000000.0, 1.2), (750000000.0, 0.825), (600000000.0, 0.8)], [(750000000.0, 0.825), (3000000000.0, 2), (1500000000.0, 1.2), (600000000.0, 0.8)], [(1500000000.0, 1.2), (750000000.0, 0.825), (4000000000.0, 3.1), (1000000000.0, 1.0)], [(750000000.0, 0.825), (3000000000.0, 2), (1000000000.0, 1.0), (4000000000.0, 3.1)], [(750000000.0, 0.825), (4000000000.0, 3.1), (600000000.0, 0.8), (1500000000.0, 1.2)], [(3000000000.0, 2), (4000000000.0, 3.1), (1500000000.0, 1.2), (1000000000.0, 1.0)], [(600000000.0, 0.8), (1500000000.0, 1.2), (3000000000.0, 2), (4000000000.0, 3.1)], [(750000000.0, 0.825), (1500000000.0, 1.2), (3000000000.0, 2), (4000000000.0, 3.1)], [(750000000.0, 0.825), (600000000.0, 0.8), (1000000000.0, 1.0), (4000000000.0, 3.1)], [(1500000000.0, 1.2), (3000000000.0, 2), (750000000.0, 0.825), (600000000.0, 0.8)], [(3000000000.0, 2), (1500000000.0, 1.2), (4000000000.0, 3.1), (1000000000.0, 1.0)], [(1000000000.0, 1.0), (600000000.0, 0.8), (750000000.0, 0.825), (1500000000.0, 1.2)], [(1000000000.0, 1.0), (750000000.0, 0.825), (600000000.0, 0.8), (3000000000.0, 2)], [(4000000000.0, 3.1), (600000000.0, 0.8), (750000000.0, 0.825), (3000000000.0, 2)], [(600000000.0, 0.8), (3000000000.0, 2), (1500000000.0, 1.2), (750000000.0, 0.825)], [(600000000.0, 0.8), (4000000000.0, 3.1), (1500000000.0, 1.2), (1000000000.0, 1.0)], [(1500000000.0, 1.2), (3000000000.0, 2), (1000000000.0, 1.0), (4000000000.0, 3.1)], [(750000000.0, 0.825), (1500000000.0, 1.2), (1000000000.0, 1.0), (600000000.0, 0.8)], [(600000000.0, 0.8), (3000000000.0, 2), (1000000000.0, 1.0), (1500000000.0, 1.2)], [(1000000000.0, 1.0), (1500000000.0, 1.2), (750000000.0, 0.825), (3000000000.0, 2)], [(600000000.0, 0.8), (1000000000.0, 1.0), (4000000000.0, 3.1), (3000000000.0, 2)], [(3000000000.0, 2), (1500000000.0, 1.2), (750000000.0, 0.825), (1000000000.0, 1.0)], [(600000000.0, 0.8), (1500000000.0, 1.2), (750000000.0, 0.825), (1000000000.0, 1.0)], [(600000000.0, 0.8), (750000000.0, 0.825), (1500000000.0, 1.2), (1000000000.0, 1.0)], [(1500000000.0, 1.2), (600000000.0, 0.8), (4000000000.0, 3.1), (1000000000.0, 1.0)], [(3000000000.0, 2), (1500000000.0, 1.2), (750000000.0, 0.825), (1000000000.0, 1.0)], [(600000000.0, 0.8), (4000000000.0, 3.1), (3000000000.0, 2), (1500000000.0, 1.2)], [(1500000000.0, 1.2), (3000000000.0, 2), (4000000000.0, 3.1), (1000000000.0, 1.0)], [(4000000000.0, 3.1), (1000000000.0, 1.0), (3000000000.0, 2), (600000000.0, 0.8)], [(1000000000.0, 1.0), (750000000.0, 0.825), (600000000.0, 0.8), (3000000000.0, 2)], [(600000000.0, 0.8), (1500000000.0, 1.2), (750000000.0, 0.825), (3000000000.0, 2)], [(750000000.0, 0.825), (1000000000.0, 1.0), (3000000000.0, 2), (4000000000.0, 3.1)], [(3000000000.0, 2), (750000000.0, 0.825), (1500000000.0, 1.2), (4000000000.0, 3.1)], [(750000000.0, 0.825), (1500000000.0, 1.2), (4000000000.0, 3.1), (600000000.0, 0.8)], [(750000000.0, 0.825), (1000000000.0, 1.0), (1500000000.0, 1.2), (3000000000.0, 2)], [(600000000.0, 0.8), (1000000000.0, 1.0), (750000000.0, 0.825), (1500000000.0, 1.2)], [(600000000.0, 0.8), (1500000000.0, 1.2), (3000000000.0, 2), (750000000.0, 0.825)], [(1000000000.0, 1.0), (600000000.0, 0.8), (3000000000.0, 2), (1500000000.0, 1.2)], [(1500000000.0, 1.2), (3000000000.0, 2), (750000000.0, 0.825), (4000000000.0, 3.1)], [(1000000000.0, 1.0), (4000000000.0, 3.1), (3000000000.0, 2), (1500000000.0, 1.2)], [(1000000000.0, 1.0), (4000000000.0, 3.1), (750000000.0, 0.825), (600000000.0, 0.8)], [(1500000000.0, 1.2), (1000000000.0, 1.0), (750000000.0, 0.825), (600000000.0, 0.8)], [(750000000.0, 0.825), (1000000000.0, 1.0), (3000000000.0, 2), (4000000000.0, 3.1)], [(750000000.0, 0.825), (1000000000.0, 1.0), (4000000000.0, 3.1), (600000000.0, 0.8)], [(600000000.0, 0.8), (1500000000.0, 1.2), (3000000000.0, 2), (4000000000.0, 3.1)], [(4000000000.0, 3.1), (1500000000.0, 1.2), (600000000.0, 0.8), (1000000000.0, 1.0)], [(1000000000.0, 1.0), (750000000.0, 0.825), (3000000000.0, 2), (1500000000.0, 1.2)], [(750000000.0, 0.825), (4000000000.0, 3.1), (1000000000.0, 1.0), (3000000000.0, 2)], [(1000000000.0, 1.0), (750000000.0, 0.825), (3000000000.0, 2), (1500000000.0, 1.2)]]",-1.0,"[1.9573089241630514e-09, 1.7978035928200982e-09, 1.9500382690816194e-09, 1.8784363185146555e-09, 1.7796256233494292e-09, 1.8925211584552127e-09, 1.883031061414486e-09, 1.5364171576696748e-09, 1.7061962827914406e-09, 1.5147032423693649e-09, 1.699908483039002e-09, 1.6376067978252693e-09, 1.7935216625852078e-09, 1.7474141089987212e-09, 1.9953158553503577e-09, 1.7260504346607762e-09, 1.8489925307381124e-09, 1.8802716966927775e-09, 1.5585551446615545e-09, 1.8697812518669596e-09, 1.5604347620680209e-09, 1.8705682341952097e-09, 1.5620551881288126e-09, 1.5169724528514292e-09, 1.884954545589889e-09, 1.5499292091585861e-09, 1.8099951116949523e-09, 1.538046909603008e-09, 1.7846710994352397e-09, 1.8798658461778573e-09, 1.919776620540495e-09, 1.5541975523756835e-09, 1.6761898847108433e-09, 1.6479365483248754e-09, 1.8682825109161835e-09, 1.9558254992249145e-09, 1.8757396399765557e-09, 1.7417643041316504e-09, 1.5911278994543158e-09, 1.5569622674068475e-09, 1.55084180932904e-09, 1.642922926395591e-09, 1.7062139206425445e-09, 1.788826813527923e-09, 1.9841283174612402e-09, 1.786204606424408e-09, 1.642667827618572e-09, 1.6042609476260457e-09, 1.891359945470282e-09, 1.931633156454541e-09, 1.838546123092953e-09, 1.6395939165663638e-09, 1.9740867065424233e-09, 1.6810385946761862e-09, 1.677835954365089e-09, 1.5200795106584052e-09, 1.7016762755132975e-09, 1.5661106871979534e-09, 1.6376025458503918e-09, 1.778989290524676e-09, 1.8870178366423323e-09, 1.7096547514343145e-09, 1.958734878794401e-09, 1.625211130580834e-09]","[900000.0, 900000.0, 600000.0, 700000.0, 900000.0, 900000.0, 700000.0, 600000.0, 900000.0, 700000.0, 600000.0, 900000.0, 600000.0, 900000.0, 600000.0, 600000.0, 700000.0, 600000.0, 600000.0, 700000.0, 600000.0, 900000.0, 900000.0, 600000.0, 700000.0, 900000.0, 700000.0, 600000.0, 900000.0, 700000.0, 700000.0, 700000.0, 900000.0, 600000.0, 700000.0, 600000.0, 600000.0, 600000.0, 600000.0, 900000.0, 900000.0, 700000.0, 600000.0, 900000.0, 900000.0, 600000.0, 900000.0, 600000.0, 700000.0, 600000.0, 900000.0, 900000.0, 700000.0, 700000.0, 600000.0, 700000.0, 700000.0, 600000.0, 900000.0, 700000.0, 600000.0, 700000.0, 900000.0, 900000.0]",-1.0,0.013076940042860962,[2 4 1],1,mec13
mec,32,"[[(4000000000.0, 3.1), (3000000000.0, 2), (1500000000.0, 1.2), (750000000.0, 0.825)], [(1500000000.0, 1.2), (4000000000.0, 3.1), (750000000.0, 0.825), (600000000.0, 0.8)], [(1000000000.0, 1.0), (600000000.0, 0.8), (750000000.0, 0.825), (3000000000.0, 2)], [(1500000000.0, 1.2), (600000000.0, 0.8), (3000000000.0, 2), (1000000000.0, 1.0)], [(1000000000.0, 1.0), (600000000.0, 0.8), (1500000000.0, 1.2), (3000000000.0, 2)], [(1000000000.0, 1.0), (600000000.0, 0.8), (750000000.0, 0.825), (4000000000.0, 3.1)], [(1500000000.0, 1.2), (4000000000.0, 3.1), (600000000.0, 0.8), (1000000000.0, 1.0)], [(750000000.0, 0.825), (4000000000.0, 3.1), (600000000.0, 0.8), (1000000000.0, 1.0)], [(600000000.0, 0.8), (4000000000.0, 3.1), (3000000000.0, 2), (1000000000.0, 1.0)], [(3000000000.0, 2), (750000000.0, 0.825), (1500000000.0, 1.2), (1000000000.0, 1.0)], [(4000000000.0, 3.1), (750000000.0, 0.825), (1000000000.0, 1.0), (600000000.0, 0.8)], [(4000000000.0, 3.1), (1500000000.0, 1.2), (3000000000.0, 2), (600000000.0, 0.8)], [(750000000.0, 0.825), (1000000000.0, 1.0), (1500000000.0, 1.2), (3000000000.0, 2)], [(750000000.0, 0.825), (600000000.0, 0.8), (1500000000.0, 1.2), (3000000000.0, 2)], [(3000000000.0, 2), (4000000000.0, 3.1), (1500000000.0, 1.2), (750000000.0, 0.825)], [(600000000.0, 0.8), (3000000000.0, 2), (1000000000.0, 1.0), (4000000000.0, 3.1)], [(3000000000.0, 2), (1500000000.0, 1.2), (4000000000.0, 3.1), (1000000000.0, 1.0)], [(600000000.0, 0.8), (4000000000.0, 3.1), (1500000000.0, 1.2), (3000000000.0, 2)], [(1000000000.0, 1.0), (750000000.0, 0.825), (4000000000.0, 3.1), (600000000.0, 0.8)], [(1500000000.0, 1.2), (750000000.0, 0.825), (1000000000.0, 1.0), (4000000000.0, 3.1)], [(1000000000.0, 1.0), (600000000.0, 0.8), (3000000000.0, 2), (1500000000.0, 1.2)], [(600000000.0, 0.8), (4000000000.0, 3.1), (750000000.0, 0.825), (1000000000.0, 1.0)], [(3000000000.0, 2), (600000000.0, 0.8), (4000000000.0, 3.1), (750000000.0, 0.825)], [(4000000000.0, 3.1), (600000000.0, 0.8), (1500000000.0, 1.2), (750000000.0, 0.825)], [(600000000.0, 0.8), (3000000000.0, 2), (1500000000.0, 1.2), (750000000.0, 0.825)], [(4000000000.0, 3.1), (600000000.0, 0.8), (1500000000.0, 1.2), (750000000.0, 0.825)], [(1000000000.0, 1.0), (750000000.0, 0.825), (1500000000.0, 1.2), (600000000.0, 0.8)], [(3000000000.0, 2), (1000000000.0, 1.0), (600000000.0, 0.8), (4000000000.0, 3.1)], [(600000000.0, 0.8), (1500000000.0, 1.2), (4000000000.0, 3.1), (3000000000.0, 2)], [(1000000000.0, 1.0), (3000000000.0, 2), (4000000000.0, 3.1), (1500000000.0, 1.2)], [(600000000.0, 0.8), (3000000000.0, 2), (1000000000.0, 1.0), (4000000000.0, 3.1)], [(1000000000.0, 1.0), (4000000000.0, 3.1), (1500000000.0, 1.2), (750000000.0, 0.825)]]",-1.0,"[1.8799100424080387e-09, 1.8596831073328623e-09, 1.5335892049209041e-09, 1.959082462494074e-09, 1.6226501761724264e-09, 1.8959473381774684e-09, 1.5170554305319326e-09, 1.5304516530771002e-09, 1.8736875876620602e-09, 1.9796122238999088e-09, 1.8634404516103425e-09, 1.8360486154525075e-09, 1.5891854558091825e-09, 1.8442556557627139e-09, 1.8634752349803894e-09, 1.569191197663852e-09, 1.9368045902569125e-09, 1.761399056275608e-09, 1.8380392532482e-09, 1.535194916437199e-09, 1.7508371111983422e-09, 1.5190349047154028e-09, 1.800565727475164e-09, 1.6616299200165352e-09, 1.944808177975836e-09, 1.8998782392026296e-09, 1.8743970418893063e-09, 1.8137303383946018e-09, 1.937633173552115e-09, 1.987224170088188e-09, 1.97690174011294e-09, 1.5664171306523112e-09]","[900000.0, 900000.0, 600000.0, 900000.0, 900000.0, 700000.0, 900000.0, 600000.0, 900000.0, 600000.0, 700000.0, 600000.0, 900000.0, 900000.0, 900000.0, 600000.0, 600000.0, 600000.0, 700000.0, 600000.0, 900000.0, 600000.0, 700000.0, 900000.0, 700000.0, 600000.0, 600000.0, 600000.0, 600000.0, 700000.0, 900000.0, 600000.0]",-1.0,0.014100886468624488,[4 2 1],1,mec14
mec,16,"[[(750000000.0, 0.825), (4000000000.0, 3.1), (1500000000.0, 1.2), (3000000000.0, 2)], [(750000000.0, 0.825), (600000000.0, 0.8), (1500000000.0, 1.2), (3000000000.0, 2)], [(750000000.0, 0.825), (600000000.0, 0.8), (1000000000.0, 1.0), (1500000000.0, 1.2)], [(3000000000.0, 2), (4000000000.0, 3.1), (1000000000.0, 1.0), (750000000.0, 0.825)], [(600000000.0, 0.8), (750000000.0, 0.825), (1500000000.0, 1.2), (1000000000.0, 1.0)], [(600000000.0, 0.8), (4000000000.0, 3.1), (750000000.0, 0.825), (1000000000.0, 1.0)], [(3000000000.0, 2), (4000000000.0, 3.1), (1000000000.0, 1.0), (1500000000.0, 1.2)], [(3000000000.0, 2), (1000000000.0, 1.0), (4000000000.0, 3.1), (1500000000.0, 1.2)], [(600000000.0, 0.8), (1500000000.0, 1.2), (1000000000.0, 1.0), (3000000000.0, 2)], [(4000000000.0, 3.1), (3000000000.0, 2), (1500000000.0, 1.2), (750000000.0, 0.825)], [(600000000.0, 0.8), (1000000000.0, 1.0), (750000000.0, 0.825), (3000000000.0, 2)], [(4000000000.0, 3.1), (1000000000.0, 1.0), (600000000.0, 0.8), (3000000000.0, 2)], [(750000000.0, 0.825), (1000000000.0, 1.0), (4000000000.0, 3.1), (3000000000.0, 2)], [(1500000000.0, 1.2), (750000000.0, 0.825), (3000000000.0, 2), (600000000.0, 0.8)], [(3000000000.0, 2), (1000000000.0, 1.0), (1500000000.0, 1.2), (600000000.0, 0.8)], [(600000000.0, 0.8), (1500000000.0, 1.2), (750000000.0, 0.825), (1000000000.0, 1.0)]]",-1.0,"[1.751996121225881e-09, 1.5239144408236799e-09, 1.5367921909562647e-09, 1.9479933297857455e-09, 1.6981737173696516e-09, 1.8378109296347273e-09, 1.701912569466494e-09, 1.6609876004984484e-09, 1.7894564252363708e-09, 1.648496762364632e-09, 1.880659877049963e-09, 1.7413356176227715e-09, 1.6597618236589455e-09, 1.882538659561719e-09, 1.9070152019047898e-09, 1.9384782481808755e-09]","[900000.0, 700000.0, 900000.0, 900000.0, 900000.0, 600000.0, 900000.0, 600000.0, 700000.0, 900000.0, 900000.0, 700000.0, 700000.0, 700000.0, 900000.0, 700000.0]",-1.0,0.010635464958721964,[1 4 3],1,mec15
mec,32,"[[(4000000000.0, 3.1), (1000000000.0, 1.0), (3000000000.0, 2), (600000000.0, 0.8)], [(3000000000.0, 2), (750000000.0, 0.825), (4000000000.0, 3.1), (1500000000.0, 1.2)], [(750000000.0, 0.825), (4000000000.0, 3.1), (3000000000.0, 2), (1000000000.0, 1.0)], [(4000000000.0, 3.1), (750000000.0, 0.825), (1000000000.0, 1.0), (600000000.0, 0.8)], [(1000000000.0, 1.0), (4000000000.0, 3.1), (750000000.0, 0.825), (600000000.0, 0.8)], [(750000000.0, 0.825), (1000000000.0, 1.0), (600000000.0, 0.8), (3000000000.0, 2)], [(600000000.0, 0.8), (1500000000.0, 1.2), (4000000000.0, 3.1), (1000000000.0, 1.0)], [(3000000000.0, 2), (600000000.0, 0.8), (1000000000.0, 1.0), (4000000000.0, 3.1)], [(1500000000.0, 1.2), (1000000000.0, 1.0), (750000000.0, 0.825), (4000000000.0, 3.1)], [(600000000.0, 0.8), (3000000000.0, 2), (1000000000.0, 1.0), (4000000000.0, 3.1)], [(750000000.0, 0.825), (600000000.0, 0.8), (1500000000.0, 1.2), (3000000000.0, 2)], [(1000000000.0, 1.0), (600000000.0, 0.8), (1500000000.0, 1.2), (3000000000.0, 2)], [(4000000000.0, 3.1), (750000000.0, 0.825), (600000000.0, 0.8), (3000000000.0, 2)], [(1000000000.0, 1.0), (1500000000.0, 1.2), (3000000000.0, 2), (750000000.0, 0.825)], [(1000000000.0, 1.0), (750000000.0, 0.825), (4000000000.0, 3.1), (3000000000.0, 2)], [(1500000000.0, 1.2), (1000000000.0, 1.0), (600000000.0, 0.8), (4000000000.0, 3.1)], [(750000000.0, 0.825), (4000000000.0, 3.1), (1500000000.0, 1.2), (1000000000.0, 1.0)], [(600000000.0, 0.8), (1500000000.0, 1.2), (4000000000.0, 3.1), (750000000.0, 0.825)], [(3000000000.0, 2), (4000000000.0, 3.1), (600000000.0, 0.8), (750000000.0, 0.825)], [(600000000.0, 0.8), (1500000000.0, 1.2), (750000000.0, 0.825), (3000000000.0, 2)], [(4000000000.0, 3.1), (3000000000.0, 2), (1500000000.0, 1.2), (750000000.0, 0.825)], [(3000000000.0, 2), (1500000000.0, 1.2), (4000000000.0, 3.1), (1000000000.0, 1.0)], [(1000000000.0, 1.0), (3000000000.0, 2), (1500000000.0, 1.2), (600000000.0, 0.8)], [(750000000.0, 0.825), (3000000000.0, 2), (1500000000.0, 1.2), (4000000000.0, 3.1)], [(750000000.0, 0.825), (1000000000.0, 1.0), (1500000000.0, 1.2), (4000000000.0, 3.1)], [(4000000000.0, 3.1), (600000000.0, 0.8), (1000000000.0, 1.0), (3000000000.0, 2)], [(1500000000.0, 1.2), (600000000.0, 0.8), (1000000000.0, 1.0), (3000000000.0, 2)], [(1500000000.0, 1.2), (3000000000.0, 2), (750000000.0, 0.825), (4000000000.0, 3.1)], [(600000000.0, 0.8), (4000000000.0, 3.1), (750000000.0, 0.825), (3000000000.0, 2)], [(1500000000.0, 1.2), (3000000000.0, 2), (4000000000.0, 3.1), (600000000.0, 0.8)], [(3000000000.0, 2), (1000000000.0, 1.0), (750000000.0, 0.825), (1500000000.0, 1.2)], [(600000000.0, 0.8), (4000000000.0, 3.1), (3000000000.0, 2), (1000000000.0, 1.0)]]",-1.0,"[1.5645197726074796e-09, 1.909045542732206e-09, 1.9341072929257475e-09, 1.5676859564670036e-09, 1.6722810080278886e-09, 1.7322427167683926e-09, 1.9527423767832078e-09, 1.8236516448054428e-09, 1.8631436711983654e-09, 1.8310958329996893e-09, 1.872162133048222e-09, 1.7011238478960388e-09, 1.9245489169645095e-09, 1.6636549897250001e-09, 1.6716738463188958e-09, 1.86536198013991e-09, 1.734836326403525e-09, 1.9574920261142254e-09, 1.6692567491706624e-09, 1.884471657282771e-09, 1.832988870299674e-09, 1.9529669394076263e-09, 1.5248553528873891e-09, 1.8150125387107808e-09, 1.6281214790024877e-09, 1.7023903113179863e-09, 1.853118038103575e-09, 1.7455919271674899e-09, 1.7576010873013221e-09, 1.6627063253665566e-09, 1.6155867844782398e-09, 1.968239868869336e-09]","[900000.0, 700000.0, 900000.0, 700000.0, 900000.0, 700000.0, 600000.0, 700000.0, 600000.0, 900000.0, 700000.0, 700000.0, 900000.0, 900000.0, 600000.0, 600000.0, 600000.0, 600000.0, 700000.0, 600000.0, 700000.0, 700000.0, 700000.0, 900000.0, 900000.0, 900000.0, 900000.0, 600000.0, 900000.0, 600000.0, 900000.0, 700000.0]",-1.0,0.014564770173531378,[4 1 3 2],1,mec16
mec,16,"[[(3000000000.0, 2), (1500000000.0, 1.2), (4000000000.0, 3.1), (1000000000.0, 1.0)], [(3000000000.0, 2), (4000000000.0, 3.1), (600000000.0, 0.8), (1500000000.0, 1.2)], [(4000000000.0, 3.1), (750000000.0, 0.825), (3000000000.0, 2), (1000000000.0, 1.0)], [(4000000000.0, 3.1), (1000000000.0, 1.0), (750000000.0, 0.825), (600000000.0, 0.8)], [(1000000000.0, 1.0), (750000000.0, 0.825), (600000000.0, 0.8), (1500000000.0, 1.2)], [(4000000000.0, 3.1), (3000000000.0, 2), (750000000.0, 0.825), (1500000000.0, 1.2)], [(1000000000.0, 1.0), (3000000000.0, 2), (600000000.0, 0.8), (1500000000.0, 1.2)], [(1000000000.0, 1.0), (1500000000.0, 1.2), (600000000.0, 0.8), (4000000000.0, 3.1)], [(750000000.0, 0.825), (1500000000.0, 1.2), (4000000000.0, 3.1), (3000000000.0, 2)], [(4000000000.0, 3.1), (600000000.0, 0.8), (750000000.0, 0.825), (1500000000.0, 1.2)], [(4000000000.0, 3.1), (1000000000.0, 1.0), (3000000000.0, 2), (1500000000.0, 1.2)], [(750000000.0, 0.825), (600000000.0, 0.8), (1500000000.0, 1.2), (3000000000.0, 2)], [(600000000.0, 0.8), (1500000000.0, 1.2), (750000000.0, 0.825), (4000000000.0, 3.1)], [(750000000.0, 0.825), (1000000000.0, 1.0), (1500000000.0, 1.2), (600000000.0, 0.8)], [(4000000000.0, 3.1), (1000000000.0, 1.0), (600000000.0, 0.8), (3000000000.0, 2)], [(3000000000.0, 2), (750000000.0, 0.825), (4000000000.0, 3.1), (600000000.0, 0.8)]]",-1.0,"[1.5566904581553882e-09, 1.951020987893359e-09, 1.5472085064863883e-09, 1.8200937882145422e-09, 1.8990741984577824e-09, 1.8235646287784375e-09, 1.9012137790902095e-09, 1.7304441667610124e-09, 1.713816687579046e-09, 1.607871954512856e-09, 1.9280864187507975e-09, 1.8053123580185341e-09, 1.585871919278595e-09, 1.6569383145792042e-09, 1.7195749108328853e-09, 1.8913716182973513e-09]","[600000.0, 700000.0, 600000.0, 600000.0, 600000.0, 900000.0, 700000.0, 600000.0, 600000.0, 700000.0, 700000.0, 700000.0, 900000.0, 900000.0, 900000.0, 600000.0]",-1.0,0.012461000062933759,[2 4 3],1,mec17
mec,32,"[[(750000000.0, 0.825), (1000000000.0, 1.0), (600000000.0, 0.8), (1500000000.0, 1.2)], [(750000000.0, 0.825), (1000000000.0, 1.0), (1500000000.0, 1.2), (600000000.0, 0.8)], [(4000000000.0, 3.1), (1000000000.0, 1.0), (3000000000.0, 2), (750000000.0, 0.825)], [(3000000000.0, 2), (1500000000.0, 1.2), (600000000.0, 0.8), (1000000000.0, 1.0)], [(1000000000.0, 1.0), (600000000.0, 0.8), (750000000.0, 0.825), (1500000000.0, 1.2)], [(4000000000.0, 3.1), (750000000.0, 0.825), (3000000000.0, 2), (1000000000.0, 1.0)], [(4000000000.0, 3.1), (750000000.0, 0.825), (1000000000.0, 1.0), (1500000000.0, 1.2)], [(750000000.0, 0.825), (4000000000.0, 3.1), (3000000000.0, 2), (1500000000.0, 1.2)], [(3000000000.0, 2), (4000000000.0, 3.1), (1500000000.0, 1.2), (600000000.0, 0.8)], [(4000000000.0, 3.1), (750000000.0, 0.825), (3000000000.0, 2), (600000000.0, 0.8)], [(4000000000.0, 3.1), (750000000.0, 0.825), (1000000000.0, 1.0), (3000000000.0, 2)], [(600000000.0, 0.8), (1500000000.0, 1.2), (1000000000.0, 1.0), (3000000000.0, 2)], [(3000000000.0, 2), (4000000000.0, 3.1), (750000000.0, 0.825), (1000000000.0, 1.0)], [(4000000000.0, 3.1), (600000000.0, 0.8), (3000000000.0, 2), (1000000000.0, 1.0)], [(1000000000.0, 1.0), (3000000000.0, 2), (4000000000.0, 3.1), (1500000000.0, 1.2)], [(4000000000.0, 3.1), (1500000000.0, 1.2), (1000000000.0, 1.0), (750000000.0, 0.825)], [(750000000.0, 0.825), (4000000000.0, 3.1), (1500000000.0, 1.2), (600000000.0, 0.8)], [(600000000.0, 0.8), (4000000000.0, 3.1), (3000000000.0, 2), (1000000000.0, 1.0)], [(750000000.0, 0.825), (4000000000.0, 3.1), (1500000000.0, 1.2), (3000000000.0, 2)], [(4000000000.0, 3.1), (3000000000.0, 2), (1500000000.0, 1.2), (1000000000.0, 1.0)], [(3000000000.0, 2), (1500000000.0, 1.2), (1000000000.0, 1.0), (600000000.0, 0.8)], [(1000000000.0, 1.0), (1500000000.0, 1.2), (3000000000.0, 2), (600000000.0, 0.8)], [(1500000000.0, 1.2), (3000000000.0, 2), (4000000000.0, 3.1), (600000000.0, 0.8)], [(3000000000.0, 2), (4000000000.0, 3.1), (1500000000.0, 1.2), (750000000.0, 0.825)], [(1500000000.0, 1.2), (3000000000.0, 2), (750000000.0, 0.825), (600000000.0, 0.8)], [(4000000000.0, 3.1), (750000000.0, 0.825), (600000000.0, 0.8), (1000000000.0, 1.0)], [(4000000000.0, 3.1), (1000000000.0, 1.0), (3000000000.0, 2), (1500000000.0, 1.2)], [(750000000.0, 0.825), (600000000.0, 0.8), (1000000000.0, 1.0), (1500000000.0, 1.2)], [(1500000000.0, 1.2), (750000000.0, 0.825), (3000000000.0, 2), (600000000.0, 0.8)], [(750000000.0, 0.825), (600000000.0, 0.8), (1000000000.0, 1.0), (4000000000.0, 3.1)], [(750000000.0, 0.825), (1500000000.0, 1.2), (4000000000.0, 3.1), (1000000000.0, 1.0)], [(1000000000.0, 1.0), (4000000000.0, 3.1), (1500000000.0, 1.2), (3000000000.0, 2)]]",-1.0,"[1.6399197763059325e-09, 1.7791044361940528e-09, 1.9350348612823837e-09, 1.526562296394052e-09, 1.6415742337482504e-09, 1.6771655772934926e-09, 1.9295258516302435e-09, 1.6858933500204894e-09, 1.9506808774966966e-09, 1.9438261318964057e-09, 1.8975975476465245e-09, 1.7007447353033335e-09, 1.5523615685715254e-09, 1.8700421042515335e-09, 1.969806433691417e-09, 1.5086462527273861e-09, 1.5584188859442149e-09, 1.5245772601552355e-09, 1.9714399194087127e-09, 1.951086428103724e-09, 1.5612756458868918e-09, 1.812643892300044e-09, 1.809188772539364e-09, 1.7139346561349322e-09, 1.9956875450244207e-09, 1.5409865664169798e-09, 1.6886480770785826e-09, 1.963786311727786e-09, 1.8050184762697973e-09, 1.9186806350750086e-09, 1.5667178622662471e-09, 1.802136074361133e-09]","[900000.0, 900000.0, 900000.0, 600000.0, 900000.0, 600000.0, 600000.0, 900000.0, 600000.0, 600000.0, 900000.0, 700000.0, 900000.0, 600000.0, 700000.0, 700000.0, 600000.0, 700000.0, 700000.0, 900000.0, 900000.0, 700000.0, 900000.0, 700000.0, 900000.0, 900000.0, 600000.0, 900000.0, 900000.0, 900000.0, 600000.0, 900000.0]",-1.0,0.010724260072474167,[4 2 3 1],1,mec18
mec,32,"[[(1000000000.0, 1.0), (1500000000.0, 1.2), (3000000000.0, 2), (750000000.0, 0.825)], [(750000000.0, 0.825), (3000000000.0, 2), (1500000000.0, 1.2), (4000000000.0, 3.1)], [(1500000000.0, 1.2), (1000000000.0, 1.0), (750000000.0, 0.825), (3000000000.0, 2)], [(1500000000.0, 1.2), (4000000000.0, 3.1), (3000000000.0, 2), (750000000.0, 0.825)], [(750000000.0, 0.825), (1500000000.0, 1.2), (4000000000.0, 3.1), (3000000000.0, 2)], [(600000000.0, 0.8), (1000000000.0, 1.0), (1500000000.0, 1.2), (3000000000.0, 2)], [(1000000000.0, 1.0), (750000000.0, 0.825), (3000000000.0, 2), (600000000.0, 0.8)], [(750000000.0, 0.825), (4000000000.0, 3.1), (3000000000.0, 2), (1500000000.0, 1.2)], [(750000000.0, 0.825), (600000000.0, 0.8), (1000000000.0, 1.0), (4000000000.0, 3.1)], [(1500000000.0, 1.2), (3000000000.0, 2), (750000000.0, 0.825), (4000000000.0, 3.1)], [(600000000.0, 0.8), (1500000000.0, 1.2), (4000000000.0, 3.1), (750000000.0, 0.825)], [(4000000000.0, 3.1), (3000000000.0, 2), (600000000.0, 0.8), (1500000000.0, 1.2)], [(4000000000.0, 3.1), (750000000.0, 0.825), (3000000000.0, 2), (1000000000.0, 1.0)], [(1000000000.0, 1.0), (750000000.0, 0.825), (1500000000.0, 1.2), (600000000.0, 0.8)], [(3000000000.0, 2), (1000000000.0, 1.0), (1500000000.0, 1.2), (600000000.0, 0.8)], [(750000000.0, 0.825), (600000000.0, 0.8), (1500000000.0, 1.2), (3000000000.0, 2)], [(4000000000.0, 3.1), (1500000000.0, 1.2), (750000000.0, 0.825), (1000000000.0, 1.0)], [(1000000000.0, 1.0), (3000000000.0, 2), (600000000.0, 0.8), (750000000.0, 0.825)], [(4000000000.0, 3.1), (3000000000.0, 2), (750000000.0, 0.825), (1000000000.0, 1.0)], [(4000000000.0, 3.1), (600000000.0, 0.8), (3000000000.0, 2), (1500000000.0, 1.2)], [(1500000000.0, 1.2), (4000000000.0, 3.1), (1000000000.0, 1.0), (3000000000.0, 2)], [(4000000000.0, 3.1), (1000000000.0, 1.0), (3000000000.0, 2), (750000000.0, 0.825)], [(600000000.0, 0.8), (4000000000.0, 3.1), (3000000000.0, 2), (1000000000.0, 1.0)], [(3000000000.0, 2), (1000000000.0, 1.0), (1500000000.0, 1.2), (600000000.0, 0.8)], [(600000000.0, 0.8), (3000000000.0, 2), (1500000000.0, 1.2), (4000000000.0, 3.1)], [(750000000.0, 0.825), (3000000000.0, 2), (1000000000.0, 1.0), (4000000000.0, 3.1)], [(600000000.0, 0.8), (4000000000.0, 3.1), (1000000000.0, 1.0), (1500000000.0, 1.2)], [(750000000.0, 0.825), (3000000000.0, 2), (4000000000.0, 3.1), (600000000.0, 0.8)], [(3000000000.0, 2), (750000000.0, 0.825), (600000000.0, 0.8), (1000000000.0, 1.0)], [(1500000000.0, 1.2), (600000000.0, 0.8), (3000000000.0, 2), (4000000000.0, 3.1)], [(1500000000.0, 1.2), (750000000.0, 0.825), (600000000.0, 0.8), (1000000000.0, 1.0)], [(750000000.0, 0.825), (1500000000.0, 1.2), (4000000000.0, 3.1), (3000000000.0, 2)]]",-1.0,"[1.7204681166658133e-09, 1.7516645693681494e-09, 1.656044011397505e-09, 1.6397406062856313e-09, 1.8596232366422534e-09, 1.634323580125897e-09, 1.9857108047762567e-09, 1.6647060900244662e-09, 1.736054102761994e-09, 1.957237079971842e-09, 1.5979541329493055e-09, 1.7773403993380974e-09, 1.6726194292713555e-09, 1.592015946352402e-09, 1.8014144633941203e-09, 1.7279947820995262e-09, 1.5956101435223357e-09, 1.6031354614268445e-09, 1.762590006049627e-09, 1.6181849182549888e-09, 1.7587410354550155e-09, 1.7212326958573822e-09, 1.8303592485840947e-09, 1.5069287824513134e-09, 1.8933786445815153e-09, 1.8373750944060234e-09, 1.7320426198048092e-09, 1.6427873617077192e-09, 1.9660331855595042e-09, 1.9465805931861476e-09, 1.639196259415763e-09, 1.5128361778198024e-09]","[700000.0, 600000.0, 900000.0, 600000.0, 600000.0, 900000.0, 600000.0, 600000.0, 900000.0, 900000.0, 900000.0, 700000.0, 600000.0, 700000.0, 900000.0, 600000.0, 700000.0, 600000.0, 900000.0, 700000.0, 700000.0, 700000.0, 700000.0, 900000.0, 600000.0, 900000.0, 600000.0, 700000.0, 900000.0, 600000.0, 900000.0, 600000.0]",-1.0,0.01399144134769624,[1 2],1,mec19
